Div,Date,HomeTeam,AwayTeam,FTHG,FTAG,FTR,HTHG,HTAG,HTR,HS,AS,HST,AST,HF,AF,HC,AC,HY,AY,HR,AR,B365H,B365D,B365A,BWH,BWD,BWA,IWH,IWD,IWA,PSH,PSD,PSA,WHH,WHD,WHA,VCH,VCD,VCA,Bb1X2,BbMxH,BbAvH,BbMxD,BbAvD,BbMxA,BbAvA,BbOU,BbMx>2.5,BbAv>2.5,BbMx<2.5,BbAv<2.5,BbAH,BbAHh,BbMxAHH,BbAvAHH,BbMxAHA,BbAvAHA,PSCH,PSCD,PSCA
I2,24/08/2018,Brescia,Perugia,1,1,D,1,0,H,7,7,4,1,25,17,3,3,0,2,1,0,2.2,3.2,3.4,2.2,3.1,3.5,2.2,3.1,3.25,2.35,3.14,3.45,2.3,3.1,3.2,2.3,3.13,3.4,39,2.35,2.23,3.25,3.09,3.5,3.3,35,2.17,2.09,1.79,1.71,17,-0.25,1.99,1.93,1.97,1.88,2.2,3.24,3.71
I2,25/08/2018,Cremonese,Pescara,1,1,D,1,0,H,5,12,2,3,14,18,3,7,0,2,1,1,2.1,3.25,3.6,2.05,3.1,4,2.05,3.15,3.65,2.09,3.16,4.05,2.1,3.25,3.5,2.1,3.2,3.75,42,2.18,2.07,3.27,3.12,4.05,3.65,37,2.11,2.05,1.8,1.73,19,-0.25,1.85,1.79,2.11,2.02,2.15,3.18,3.92
I2,25/08/2018,Salernitana,Palermo,0,0,D,0,0,D,6,6,2,2,22,17,3,4,2,2,0,0,3.2,3,2.4,2.95,2.9,2.65,2.9,2.95,2.55,3.07,2.93,2.68,3,3,2.5,3,3,2.6,40,3.2,2.97,3.05,2.92,2.7,2.54,33,2.38,2.28,1.65,1.59,18,0,2.12,2.05,1.83,1.77,2.94,2.94,2.83
I2,25/08/2018,Venezia,Spezia,1,0,H,1,0,H,11,11,3,2,11,23,6,4,1,3,0,0,2.2,3.2,3.4,2.2,2.95,3.75,2.2,3,3.45,2.32,2.97,3.68,2.25,2.9,3.4,2.25,3,3.7,42,2.33,2.21,3.2,2.96,3.8,3.49,35,2.41,2.34,1.62,1.56,19,-0.25,1.95,1.9,1.97,1.91,2.45,2.85,3.64
I2,26/08/2018,Ascoli,Cosenza,1,1,D,0,1,A,11,8,4,3,16,23,8,5,2,3,0,0,2.2,3.2,3.4,2.2,2.95,3.75,2.25,2.95,3.4,2.36,2.91,3.67,2.38,2.88,3.3,2.3,3,3.5,41,2.38,2.25,3.2,2.93,3.75,3.4,35,2.36,2.27,1.63,1.59,18,-0.25,1.99,1.93,1.93,1.88,2.56,2.86,3.41
I2,26/08/2018,Cittadella,Crotone,3,0,H,1,0,H,18,11,8,2,18,12,5,6,3,2,0,1,2.5,3,3,2.55,3.1,2.9,2.45,3.05,2.9,2.56,3.03,3.12,2.5,3.1,2.9,2.55,3.1,3,41,2.56,2.47,3.15,3.03,3.12,2.91,36,2.2,2.11,1.77,1.68,17,0,1.81,1.74,2.15,2.08,2.63,3.04,3.09
I2,26/08/2018,Foggia,Carpi,4,2,H,1,0,H,16,14,10,6,8,21,8,6,0,3,0,0,1.9,3.4,4,1.9,3.3,4.33,1.85,3.3,4.2,1.89,3.37,4.6,1.91,3.3,4,1.9,3.4,4.4,41,1.95,1.87,3.47,3.3,4.6,4.19,35,2.15,2.08,1.8,1.71,17,-0.5,1.91,1.84,2.05,1.97,2,3.27,4.39
I2,26/08/2018,Verona,Padova,1,1,D,1,1,D,10,7,5,4,13,20,5,4,2,3,0,0,1.72,3.25,5.5,1.65,3.3,6.5,1.7,3.35,5,1.72,3.34,6.3,1.7,3.4,5.5,1.73,3.5,5.4,43,1.78,1.71,3.5,3.32,6.5,5.36,35,2.16,2.08,1.81,1.73,21,-0.75,2.04,1.97,1.96,1.88,2.09,2.99,4.53
I2,27/08/2018,Benevento,Lecce,3,3,D,0,1,A,13,3,6,3,15,12,5,4,1,4,0,0,1.8,3.4,4.75,1.78,3.3,5,1.7,3.4,4.85,1.76,3.47,5.48,1.8,3.4,4.4,1.8,3.4,5,41,1.83,1.75,3.5,3.33,5.48,4.77,36,2.25,2.09,1.77,1.69,17,-0.75,2.11,2.02,1.87,1.79,1.92,3.16,5.11
I2,31/08/2018,Palermo,Cremonese,2,2,D,1,0,H,18,18,9,3,15,9,7,9,3,0,0,0,1.66,3.4,6,1.67,3.5,5.75,1.65,3.4,5.75,1.68,3.47,6.73,1.67,3.5,5.5,1.65,3.5,6.25,38,1.73,1.66,3.5,3.4,6.73,5.69,33,2.37,2.22,1.7,1.63,16,-0.75,1.91,1.87,2.03,1.95,1.95,3.04,5.22
I2,01/09/2018,Carpi,Cittadella,0,1,A,0,0,D,4,4,4,4,22,18,6,6,4,4,0,0,2.7,3,2.8,2.75,3,2.75,2.7,3,2.65,2.86,3.04,2.77,2.75,3,2.7,2.8,3,2.8,38,2.86,2.71,3.11,2.98,2.8,2.7,34,2.25,2.17,1.7,1.65,17,0,1.99,1.92,1.97,1.9,3.09,3.07,2.61
I2,01/09/2018,Cosenza,Verona,0,3,A,,,,,,,,,,,,,,,,2.87,3,2.62,2.8,3,2.7,2.75,2.95,2.65,2.9,2.95,2.81,2.8,3,2.62,2.88,3,2.75,40,2.92,2.79,3.05,2.94,2.81,2.65,33,2.37,2.27,1.62,1.59,18,0,2,1.94,1.92,1.86,2.86,2.88,2.98
I2,01/09/2018,Padova,Venezia,1,0,H,1,0,H,16,9,6,3,16,15,4,8,4,1,0,0,2.1,3.1,3.8,2.25,3,3.5,2.15,3,3.6,2.2,2.98,3.96,2.15,3.1,3.5,2.2,3,3.8,39,2.25,2.16,3.1,2.98,3.96,3.61,33,2.43,2.33,1.62,1.56,18,-0.25,1.89,1.84,2.04,1.97,2.23,3.05,3.89
I2,01/09/2018,Spezia,Brescia,3,2,H,2,2,D,14,13,5,7,19,16,3,4,3,1,0,0,2.25,3,3.5,2.35,2.9,3.5,2.3,2.95,3.3,2.43,2.85,3.63,2.4,2.9,3.25,2.38,3,3.4,37,2.43,2.31,3.05,2.91,3.63,3.32,31,2.47,2.38,1.57,1.54,17,-0.25,2.02,1.97,1.9,1.85,2.12,3.14,4.1
I2,02/09/2018,Crotone,Foggia,4,1,H,1,0,H,14,13,9,4,,,7,4,1,1,0,0,2.2,3,3.6,2.35,3.1,3.25,2.2,3.2,3.2,2.31,3.11,3.5,2.3,3.2,3.1,2.25,3.2,3.4,39,2.35,2.24,3.3,3.12,3.6,3.24,36,2.05,1.97,1.88,1.8,18,-0.25,1.99,1.93,1.94,1.88,1.81,3.59,4.96
I2,02/09/2018,Lecce,Salernitana,2,2,D,1,0,H,10,9,4,2,20,26,5,2,2,3,0,0,2.3,3,3.4,2.35,3.1,3.25,2.3,3.05,3.2,2.42,2.99,3.41,2.3,3.1,3.2,2.38,3,3.4,35,2.42,2.3,3.15,3.01,3.41,3.2,30,2.27,2.2,1.72,1.63,16,-0.25,2.04,1.97,1.92,1.85,2.64,2.92,3.22
I2,02/09/2018,Perugia,Ascoli,2,0,H,1,0,H,13,13,6,6,14,8,5,5,2,1,1,0,1.75,3.25,5.25,1.8,3.3,5,1.75,3.3,4.85,1.81,3.25,5.55,1.83,3.3,4.5,1.8,3.3,5.25,37,1.85,1.77,3.4,3.24,5.55,4.83,33,2.23,2.17,1.74,1.65,16,-0.75,2.16,2.05,1.81,1.76,1.97,3.2,4.66
I2,02/09/2018,Pescara,Livorno,2,1,H,0,0,D,14,15,5,7,13,12,7,11,3,1,0,0,2,3.1,4.2,2.15,3.1,3.7,2,3.1,3.85,2.11,3.04,4.2,2.05,3.2,3.7,2.1,3.13,4,37,2.16,2.05,3.25,3.08,4.2,3.79,34,2.23,2.15,1.74,1.66,17,-0.5,2.13,2.06,1.83,1.76,1.77,3.47,5.53
I2,14/09/2018,Venezia,Benevento,2,3,A,0,2,A,16,11,9,5,17,20,5,2,2,3,0,0,2.75,2.9,2.9,2.6,3,2.9,2.6,2.95,2.8,2.81,2.93,3.01,2.62,3,2.8,2.7,3,2.88,40,2.86,2.66,3,2.9,3.01,2.86,37,2.35,2.21,1.71,1.64,22,0,1.92,1.85,2.03,1.97,2.99,2.89,2.86
I2,15/09/2018,Ascoli,Lecce,1,0,H,0,0,D,9,9,2,3,19,15,2,6,3,2,0,0,2.54,2.9,3,2.7,2.8,3,2.55,2.95,2.85,2.71,2.95,3.04,2.5,3,3,2.7,2.9,3,40,2.75,2.6,3.1,2.89,3.1,2.92,34,2.5,2.4,1.6,1.54,21,0,1.87,1.8,2.09,2.02,2.58,2.89,3.29
I2,15/09/2018,Brescia,Pescara,1,1,D,0,0,D,9,13,3,6,14,9,5,4,3,2,0,0,2.14,3.2,3.5,2.15,3.1,3.7,2.05,3.2,3.6,2.11,3.2,4,2.15,3.2,3.4,2.1,3.2,3.75,40,2.2,2.11,3.3,3.14,4,3.58,38,2.14,2.04,1.82,1.74,21,-0.25,1.85,1.8,2.11,2.02,2.19,3.16,3.8
I2,15/09/2018,Cittadella,Cosenza,2,0,H,0,0,D,10,4,2,0,15,10,7,0,2,4,0,0,1.8,3.4,4.75,1.83,3.4,4.6,1.8,3.3,4.6,1.85,3.25,5.28,1.83,3.3,4.5,1.8,3.4,5,40,1.87,1.81,3.5,3.3,5.28,4.6,38,2.21,2.11,1.75,1.69,20,-0.75,2.16,2.08,1.79,1.74,2.01,3.28,4.26
I2,15/09/2018,Cremonese,Spezia,2,0,H,2,0,H,5,9,2,3,16,21,3,5,0,2,0,0,2.25,3,3.5,2.3,2.85,3.6,2.3,2.9,3.35,2.4,2.83,3.7,2.38,2.9,3.3,2.38,3,3.4,39,2.43,2.31,3.02,2.89,3.7,3.42,33,2.62,2.41,1.6,1.53,21,-0.25,2.03,1.97,1.9,1.85,2.53,2.85,3.45
I2,16/09/2018,Foggia,Palermo,1,2,A,1,0,H,6,16,3,4,15,20,4,6,3,3,0,0,2.5,3.1,2.9,2.45,3.2,2.95,2.5,3.05,2.85,2.67,3.05,3.03,2.5,3.1,2.88,2.6,3.13,2.9,39,2.7,2.51,3.21,3.06,3.03,2.85,37,2.1,2.02,1.85,1.76,20,0,1.86,1.81,2.08,2.01,2.61,3.05,3.07
I2,16/09/2018,Salernitana,Padova,3,0,H,1,0,H,16,7,8,3,4,2,5,4,3,2,0,0,2.25,3.1,3.4,2.3,3,3.4,2.2,2.95,3.45,2.31,2.92,3.72,2.3,3,3.3,2.3,3,3.6,39,2.32,2.24,3.1,2.96,3.75,3.44,34,2.39,2.31,1.63,1.58,20,-0.25,1.96,1.9,1.96,1.91,2.48,2.9,3.49
I2,16/09/2018,Verona,Carpi,4,1,H,2,0,H,12,11,7,3,4,4,4,3,2,2,0,0,1.75,3.4,5,1.8,3.3,5,1.75,3.35,4.85,1.75,3.39,5.62,1.8,3.4,4.5,1.75,3.5,5.25,39,1.83,1.77,3.58,3.36,5.62,4.78,37,2.17,2.1,1.78,1.71,20,-0.75,2.05,1.99,1.87,1.82,2.11,3,4.37
I2,17/09/2018,Livorno,Crotone,0,1,A,0,0,D,8,13,5,10,12,9,5,5,2,2,0,0,3.4,3,2.3,3.3,3.1,2.3,3.35,3.15,2.15,3.66,3.1,2.26,3.3,3.1,2.25,3.5,3.1,2.25,38,3.66,3.35,3.25,3.07,2.3,2.2,34,2.25,2.12,1.75,1.69,20,0.25,1.98,1.91,1.98,1.89,3.04,3.17,2.55
I2,21/09/2018,Benevento,Salernitana,4,0,H,1,0,H,17,5,9,2,20,15,8,2,3,3,0,0,1.83,3.25,4.75,1.91,3.2,4.4,1.9,3.25,4.15,1.98,3.18,4.59,2,3.1,4,1.93,3.25,4.4,38,2,1.92,3.37,3.18,4.85,4.24,37,2.19,2.08,1.8,1.72,17,-0.5,1.99,1.93,1.97,1.91,1.93,3.24,4.73
I2,22/09/2018,Carpi,Brescia,1,1,D,1,1,D,9,10,3,2,17,13,5,3,0,2,0,0,2.5,2.9,3.1,2.6,2.9,3,2.55,2.9,2.9,2.75,2.86,3.1,2.7,2.8,2.9,2.7,2.9,3,38,2.75,2.59,3,2.85,3.1,2.94,33,2.4,2.31,1.6,1.57,17,0,1.88,1.82,2.07,2,2.68,2.95,3.08
I2,22/09/2018,Cosenza,Livorno,1,1,D,1,0,H,13,10,3,3,12,17,7,2,1,3,0,0,2.1,3.1,3.8,2.15,3,3.8,2.05,3.05,3.75,2.14,3.01,4.08,2.15,3.1,3.6,2.15,3.1,3.8,38,2.18,2.1,3.17,3.04,4.08,3.69,33,2.3,2.21,1.67,1.62,19,-0.25,1.86,1.8,2.08,2.02,2.29,3.03,3.71
I2,22/09/2018,Crotone,Verona,1,2,A,0,1,A,10,11,3,4,11,13,7,5,2,3,0,0,1.9,3.25,4.33,1.95,3.2,4.2,1.9,3.3,4,1.97,3.34,4.37,2,3.3,3.75,1.95,3.3,4.3,39,2,1.94,3.43,3.26,4.37,3.95,36,2.17,2.05,1.8,1.73,17,-0.5,2.02,1.95,1.93,1.87,1.91,3.55,4.33
I2,22/09/2018,Lecce,Venezia,2,1,H,0,0,D,8,4,4,2,22,15,4,1,2,2,0,0,2.2,3.1,3.5,2.25,3,3.6,2.2,2.95,3.45,2.34,2.97,3.68,2.3,3,3.3,2.3,3,3.5,38,2.34,2.24,3.1,2.96,3.68,3.45,33,2.42,2.33,1.62,1.56,18,-0.25,1.99,1.92,1.94,1.89,2.29,2.95,3.84
I2,22/09/2018,Palermo,Perugia,4,1,H,2,0,H,10,13,6,5,0,0,4,4,1,2,0,0,1.8,3.25,5,1.83,3.3,4.75,1.8,3.3,4.6,1.86,3.19,5.4,1.91,3.25,4.2,1.87,3.3,4.75,39,1.91,1.83,3.45,3.21,5.4,4.64,36,2.17,2.07,1.76,1.71,17,-0.75,2.2,2.1,1.77,1.72,1.88,3.26,5.09
I2,22/09/2018,Pescara,Foggia,1,0,H,0,0,D,14,21,3,3,11,9,3,4,4,2,0,0,2.14,3.3,3.4,2.2,3.1,3.5,2.15,3.2,3.3,2.27,3.12,3.64,2.25,3.1,3.3,2.2,3.25,3.5,38,2.28,2.18,3.35,3.14,3.64,3.35,36,1.96,1.87,1.99,1.89,18,-0.25,1.93,1.87,2.02,1.95,2.24,3.2,3.6
I2,22/09/2018,Spezia,Cittadella,1,0,H,0,0,D,15,8,9,0,17,17,4,6,2,2,0,1,2.3,3,3.4,2.35,2.95,3.4,2.25,3,3.3,2.38,2.99,3.54,2.35,3,3.25,2.38,3,3.4,39,2.41,2.3,3.1,2.96,3.54,3.33,34,2.38,2.29,1.62,1.58,18,-0.25,2.03,1.97,1.9,1.85,2.24,3.08,3.77
I2,23/09/2018,Padova,Cremonese,1,1,D,1,0,H,4,13,1,5,10,9,3,14,2,1,0,0,2.25,3.1,3.4,2.35,3,3.3,2.25,3.05,3.25,2.38,3.04,3.39,2.35,3,3.25,2.3,3,3.5,36,2.38,2.28,3.13,3.02,3.5,3.24,31,2.37,2.26,1.67,1.59,17,-0.25,2.02,1.96,1.92,1.85,2.13,3.15,3.99
I2,25/09/2018,Brescia,Palermo,2,1,H,2,0,H,12,8,6,5,19,11,7,2,3,1,0,0,2.87,3,2.6,2.9,3,2.6,2.7,3,2.65,2.89,3.04,2.82,2.75,3,2.7,2.8,3,2.75,40,3,2.79,3.12,2.97,2.82,2.64,37,2.33,2.21,1.68,1.63,20,0,2.02,1.95,1.96,1.88,2.75,3.07,2.94
I2,25/09/2018,Cittadella,Benevento,0,1,A,0,1,A,10,9,1,3,24,15,5,6,2,1,0,0,2.75,3.1,2.62,2.7,3,2.8,2.6,3.15,2.65,2.75,3.16,2.85,2.62,3.1,2.75,2.7,3.13,2.8,40,2.76,2.64,3.27,3.08,2.9,2.72,38,2.25,1.99,1.87,1.78,20,0,1.95,1.89,1.98,1.94,2.82,3.16,2.78
I2,25/09/2018,Livorno,Lecce,0,3,A,0,1,A,7,8,0,5,13,16,8,6,2,2,0,0,2.37,3.1,3.1,2.6,3,2.95,2.45,3,2.95,2.56,3.02,3.24,2.5,3,3,2.45,3,3.2,40,2.65,2.46,3.12,2.99,3.24,3,38,2.35,2.22,1.69,1.63,20,0,1.78,1.72,2.22,2.13,2.48,3.09,3.3
I2,25/09/2018,Perugia,Carpi,0,1,A,0,0,D,10,14,2,2,13,15,3,6,1,1,0,0,1.85,3.2,4.5,1.91,3.25,4.4,1.9,3.1,4.45,1.94,3.11,5.03,1.95,3.1,4.33,1.91,3.13,4.8,40,2,1.91,3.25,3.09,5.03,4.44,35,2.52,2.38,1.6,1.54,18,-0.5,1.96,1.91,1.97,1.91,2.02,3.07,4.75
I2,25/09/2018,Pescara,Crotone,2,1,H,1,0,H,3,8,2,2,16,14,6,6,1,3,0,0,2.6,3.1,2.8,2.55,3,2.95,2.55,3.05,2.75,2.75,2.99,3,2.55,3,2.9,2.6,3.1,2.9,40,2.75,2.58,3.17,3,3,2.83,39,2.2,2.08,1.79,1.71,20,0,1.89,1.82,2.08,2.01,2.5,3.17,3.18
I2,25/09/2018,Salernitana,Ascoli,1,1,D,0,1,A,13,6,3,1,17,17,4,3,2,3,0,0,2.04,3.2,3.75,2.1,3,4,2,3.05,3.95,2.12,3,4.42,2.1,3,3.8,2.05,3.1,4.1,40,2.12,2.06,3.2,3.02,4.42,3.94,37,2.45,2.33,1.63,1.57,19,-0.25,1.8,1.74,2.16,2.09,2.07,3.06,4.47
I2,25/09/2018,Verona,Spezia,2,1,H,1,1,D,6,5,5,2,18,20,4,1,1,3,0,0,1.85,3.25,4.5,1.95,3.2,4.33,1.9,3.2,4.15,1.99,3.21,4.58,2,3.1,4,1.95,3.2,4.33,40,2.01,1.93,3.35,3.16,4.58,4.18,38,2.27,2.17,1.71,1.66,19,-0.5,2.02,1.95,1.94,1.87,2.04,3.1,4.57
I2,26/09/2018,Cremonese,Cosenza,2,0,H,1,0,H,7,11,4,3,14,13,3,5,1,1,0,0,1.85,3.1,4.75,1.91,3.2,4.4,1.85,3.15,4.4,1.92,3.22,4.81,1.91,3.2,4.33,1.87,3.2,5,39,2,1.88,3.25,3.14,5,4.43,35,2.39,2.32,1.6,1.57,17,-0.5,1.93,1.87,2.03,1.95,1.91,3.32,4.79
I2,26/09/2018,Foggia,Padova,2,1,H,0,1,A,18,4,10,1,26,21,4,2,3,3,0,0,1.9,3.25,4.2,2.05,3.2,3.9,1.9,3.25,3.95,1.95,3.34,4.36,2,3.25,3.8,2.05,3.2,4.1,39,2.1,1.96,3.35,3.19,4.36,3.94,38,2.2,2.1,1.76,1.7,17,-0.5,2.04,1.97,1.93,1.85,1.96,3.34,4.46
I2,28/09/2018,Crotone,Brescia,2,2,D,0,1,A,20,14,5,2,10,21,6,3,1,2,1,0,1.9,3.4,4.2,1.91,3.25,4.33,1.9,3.35,4.05,1.9,3.49,4.51,1.88,3.4,4.2,1.9,3.4,4.33,39,2,1.89,3.55,3.33,4.51,4.11,38,2.13,2.04,1.85,1.75,19,-0.75,2.26,2.18,1.74,1.68,2.05,3.31,4.1
I2,29/09/2018,Lecce,Cittadella,1,1,D,1,0,H,4,8,4,8,8,16,1,6,3,2,0,0,2.37,3,3.2,2.4,3.1,3.1,2.4,3.05,3,2.55,3.05,3.15,2.45,3,3,2.4,3.1,3.2,39,2.55,2.41,3.2,3.03,3.2,3.02,37,2.21,2.1,1.76,1.7,18,0,1.77,1.71,2.22,2.14,2.24,3.19,3.67
I2,29/09/2018,Salernitana,Verona,1,0,H,0,0,D,8,10,1,7,21,16,5,5,3,3,0,0,2.7,3,2.75,2.75,3,2.75,2.6,3.1,2.7,2.77,3.08,2.85,2.62,3.1,2.75,2.7,3.1,2.8,39,2.77,2.64,3.3,3.04,2.85,2.71,37,2.1,2,1.85,1.77,18,0,1.92,1.88,2.01,1.94,2.36,3.23,3.36
I2,29/09/2018,Spezia,Carpi,2,1,H,0,1,A,16,8,5,2,16,20,7,6,1,2,0,0,2,3,4.33,2.1,3,4,2,3,3.95,2.12,2.99,4.35,2.1,3,3.75,2.05,3.1,4.2,39,2.12,2.05,3.2,2.99,4.35,3.95,34,2.6,2.44,1.6,1.52,18,-0.25,1.82,1.75,2.15,2.07,1.93,3.22,4.93
I2,29/09/2018,Venezia,Livorno,1,1,D,0,1,A,7,8,5,3,21,17,7,8,3,2,0,0,1.9,3.1,4.5,1.87,3.25,4.6,1.85,3.2,4.25,1.93,3.2,4.73,1.95,3.2,4,1.93,3.25,4.5,39,1.96,1.89,3.45,3.18,4.73,4.33,36,2.25,2.15,1.75,1.67,18,-0.75,2.33,2.21,1.75,1.66,1.81,3.54,5.04
I2,30/09/2018,Ascoli,Cremonese,0,0,D,0,0,D,7,9,5,2,14,15,3,6,3,1,0,0,2.45,3,3.1,2.5,2.95,3.1,2.45,3,3,2.56,2.97,3.23,2.5,3,3,2.45,3,3.2,38,2.56,2.45,3.15,2.96,3.23,3.04,34,2.3,2.22,1.7,1.62,18,0,1.78,1.72,2.2,2.13,3.01,2.98,2.75
I2,30/09/2018,Benevento,Foggia,1,3,A,1,1,D,12,6,4,4,16,12,4,2,1,4,0,0,1.83,3.2,4.75,1.83,3.3,4.75,1.85,3.4,4.15,1.93,3.28,4.59,1.91,3.4,4,1.87,3.4,4.5,38,1.95,1.86,3.6,3.32,5,4.27,35,1.91,1.83,2.03,1.93,18,-0.75,2.22,2.13,1.77,1.71,1.76,3.65,5.14
I2,30/09/2018,Cosenza,Perugia,1,1,D,1,0,H,8,10,3,4,16,17,4,2,2,1,0,0,2.3,3.1,3.3,2.35,3.1,3.25,2.3,3.05,3.15,2.42,3.04,3.39,2.4,3,3.1,2.38,3,3.4,38,2.5,2.33,3.25,3.03,3.4,3.19,34,2.35,2.2,1.7,1.63,18,-0.25,2.04,1.98,1.91,1.84,2.47,2.98,3.45
I2,02/10/2018,Padova,Pescara,2,2,D,0,1,A,12,9,5,3,15,15,7,2,3,2,0,0,2.5,3,3,2.45,3,3.1,2.45,3,2.95,2.66,2.95,3.12,2.55,3,2.9,2.55,3,3.1,38,2.75,2.48,3.2,2.97,3.12,2.96,34,2.3,2.17,1.7,1.64,18,-0.25,2.21,2.11,1.8,1.72,2.37,3.26,3.3
I2,05/10/2018,Verona,Lecce,0,2,A,0,1,A,23,13,4,8,10,14,14,4,3,4,0,0,1.9,3.25,4.2,1.91,3.25,4.33,1.9,3.15,4.1,1.99,3.16,4.65,2,3.1,4,1.95,3.2,4.5,37,2,1.93,3.32,3.17,4.85,4.23,36,2.25,2.16,1.76,1.67,16,-0.5,1.99,1.92,1.97,1.9,2.02,3.21,4.41
I2,06/10/2018,Carpi,Cosenza,1,1,D,0,0,D,8,20,7,6,22,19,0,9,1,2,0,0,2.04,3,4.2,2.05,2.95,4.25,2.05,2.9,4,2.16,2.88,4.38,2.15,2.9,3.9,2.15,2.9,4.2,37,2.16,2.08,3.1,2.9,4.38,4.06,33,2.8,2.62,1.5,1.46,17,-0.25,1.85,1.77,2.13,2.05,2.72,2.7,3.42
I2,06/10/2018,Cremonese,Salernitana,0,0,D,0,0,D,9,8,3,1,14,15,9,2,0,3,0,1,2,3.2,4,2,3.1,4.25,2,3.1,3.95,2.07,3.07,4.35,2.1,3,3.75,2.05,3.1,4.1,37,2.1,2.02,3.3,3.06,4.35,3.97,33,2.45,2.29,1.65,1.59,17,-0.25,1.79,1.73,2.2,2.1,2.04,3.18,4.4
I2,06/10/2018,Foggia,Ascoli,3,2,H,2,2,D,12,19,6,4,19,20,0,6,3,2,0,0,1.66,3.6,5.25,1.67,3.6,5.5,1.6,3.75,5.25,1.64,3.82,5.77,1.67,3.7,5,1.62,3.7,6,37,1.7,1.64,4.05,3.66,6,5.21,35,1.96,1.87,1.97,1.89,17,-1,2.21,2.13,1.8,1.7,1.77,3.5,5.46
I2,06/10/2018,Perugia,Venezia,1,0,H,0,0,D,14,9,5,3,23,22,3,7,3,4,0,1,2.2,3.1,3.5,2.3,3,3.4,2.2,3,3.45,2.29,2.96,3.8,2.25,3,3.4,2.25,3.1,3.6,37,2.3,2.22,3.15,3.01,3.8,3.46,33,2.35,2.23,1.7,1.62,17,-0.25,1.95,1.89,1.98,1.92,2.13,3.13,4.12
I2,06/10/2018,Pescara,Benevento,2,1,H,1,0,H,12,7,6,1,16,20,5,2,3,3,0,0,2.75,3.1,2.62,2.75,3.1,2.65,2.65,3.15,2.6,2.82,3.15,2.75,2.7,3.1,2.62,2.75,3.2,2.7,37,2.9,2.68,3.25,3.1,2.85,2.64,35,2,1.92,1.95,1.85,17,0,1.98,1.92,1.96,1.89,2.98,3.23,2.56
I2,07/10/2018,Brescia,Padova,4,1,H,0,1,A,14,11,6,1,18,11,8,6,2,1,0,0,1.95,3.1,4.33,2,3.1,4.25,1.9,3.2,4.25,1.93,3.25,4.61,1.95,3.2,4,1.93,3.2,4.6,36,2,1.92,3.4,3.17,4.61,4.18,32,2.4,2.27,1.65,1.59,15,-0.5,1.99,1.92,1.96,1.9,2.03,3,4.82
I2,07/10/2018,Livorno,Spezia,1,3,A,1,3,A,12,13,6,6,16,18,0,5,2,4,1,0,3,2.9,2.6,3,2.95,2.6,2.85,2.85,2.65,3.01,2.84,2.84,2.9,2.9,2.62,2.9,2.9,2.75,36,3.01,2.88,3,2.85,2.84,2.65,32,2.7,2.49,1.55,1.5,16,0,2.05,1.98,1.91,1.84,3,2.97,2.78
I2,07/10/2018,Palermo,Crotone,1,0,H,0,0,D,24,6,4,2,16,15,3,1,3,1,0,0,2.1,3.1,3.8,2.2,3.1,3.5,2.1,3.05,3.55,2.19,3.14,3.8,2.15,3.1,3.5,2.15,3.13,3.8,36,2.25,2.14,3.25,3.08,3.8,3.55,33,2.3,2.15,1.72,1.66,16,-0.25,1.86,1.82,2.07,1.99,2.1,3.05,4.39
I2,19/10/2018,Spezia,Pescara,1,3,A,1,2,A,20,10,5,4,14,16,10,4,1,2,0,0,2.25,3,3.5,2.25,3,3.5,2.15,3,3.5,2.28,3.04,3.8,2.25,2.9,3.5,2.25,3.1,3.6,33,2.3,2.21,3.15,2.99,3.85,3.52,29,2.31,2.22,1.73,1.62,14,-0.25,1.96,1.89,2.01,1.93,2.21,2.99,4.09
I2,20/10/2018,Ascoli,Carpi,1,0,H,0,0,D,13,12,6,3,17,29,5,4,5,5,0,0,2.25,2.9,3.6,2.3,2.9,3.6,2.25,2.9,3.45,2.36,2.9,3.73,2.3,2.88,3.5,2.3,2.9,3.7,37,2.36,2.27,3.03,2.87,3.75,3.48,31,2.62,2.45,1.55,1.52,17,-0.25,2.03,1.91,1.99,1.9,2.03,2.95,4.97
I2,20/10/2018,Cittadella,Brescia,2,2,D,2,0,H,16,14,3,4,25,14,6,3,3,4,0,0,2,3.2,4,2.1,3.1,3.8,2,3.2,3.7,2.1,3.23,3.98,2.05,3.2,3.7,2.05,3.2,4,37,2.19,2.06,3.45,3.14,4,3.68,35,2.11,2.02,1.85,1.76,18,-0.25,1.88,1.76,2.17,2.07,2.2,3.29,3.65
I2,20/10/2018,Cosenza,Foggia,2,0,H,1,0,H,13,10,5,3,18,9,6,9,2,3,0,0,2.6,3,2.9,2.75,3.1,2.7,2.55,3.05,2.75,2.7,3.04,2.96,2.62,3,2.8,2.7,3,2.9,37,2.75,2.63,3.25,2.99,2.96,2.78,35,2.2,2.06,1.8,1.74,17,0,1.92,1.85,2.05,1.97,2.68,3.09,3
I2,20/10/2018,Crotone,Padova,2,1,H,1,0,H,17,15,3,6,16,15,3,1,1,3,0,1,1.72,3.3,5.5,1.78,3.4,5,1.7,3.4,4.85,1.76,3.4,5.56,1.78,3.4,4.5,1.75,3.4,5.4,36,1.8,1.73,3.65,3.36,5.56,4.94,36,2.1,2.01,1.85,1.77,17,-0.75,2.06,1.99,1.9,1.84,1.78,3.39,5.63
I2,21/10/2018,Lecce,Palermo,1,2,A,1,1,D,11,11,4,4,16,23,6,3,1,4,0,0,2.45,2.9,3.2,2.6,2.9,3,2.55,2.95,2.9,2.71,2.89,3.11,2.6,2.88,3,2.63,2.9,3.1,35,2.71,2.56,3.1,2.88,3.2,2.95,32,2.4,2.28,1.65,1.59,17,0,1.84,1.78,2.12,2.05,2.93,2.98,2.82
I2,21/10/2018,Salernitana,Perugia,2,1,H,0,0,D,13,16,6,6,12,14,5,5,3,2,0,1,2.2,2.9,3.75,2.15,3,3.8,2.1,3,3.7,2.22,2.94,4.04,2.2,2.9,3.7,2.15,3,3.9,35,2.25,2.14,3.2,2.94,4.04,3.74,32,2.45,2.32,1.65,1.57,17,-0.25,1.87,1.82,2.06,2,2.25,2.93,4.05
I2,21/10/2018,Venezia,Verona,1,1,D,0,1,A,16,12,6,5,17,10,5,4,1,3,0,0,2.6,3,2.9,2.6,2.95,2.95,2.6,2.95,2.8,2.77,2.94,2.98,2.62,2.9,2.88,2.7,3,2.9,35,2.77,2.62,3.15,2.94,2.98,2.84,32,2.35,2.23,1.7,1.62,16,0,1.89,1.83,2.05,1.99,2.74,3.05,2.96
I2,22/10/2018,Benevento,Livorno,1,0,H,0,0,D,14,7,6,3,12,21,12,1,2,4,0,0,1.44,4,8,1.45,4.1,7.75,1.45,4.15,7.25,1.44,4.29,8.27,1.44,4.2,7,1.44,4.2,8.5,36,1.5,1.44,4.55,4.11,8.5,7.35,34,1.86,1.8,2.1,1.96,16,-1.25,2.11,2.03,1.9,1.8,1.55,4,7
I2,26/10/2018,Palermo,Venezia,1,1,D,0,0,D,25,7,8,2,19,18,5,6,4,2,1,0,1.66,3.5,5.5,1.75,3.5,5,1.65,3.45,5.25,1.7,3.55,6.04,1.65,3.4,5.8,1.65,3.5,6.25,37,1.75,1.69,3.65,3.44,6.25,5.33,34,2.24,2.15,1.8,1.67,16,-0.5,1.73,1.69,2.27,2.2,1.78,3.37,5.67
I2,27/10/2018,Benevento,Cremonese,2,1,H,2,0,H,11,5,7,2,14,13,8,6,4,4,0,0,1.8,3.25,5,1.87,3.1,5,1.8,3.3,4.5,1.83,3.36,5.05,1.88,3.25,4.33,1.87,3.3,4.75,37,1.9,1.84,3.55,3.23,5.05,4.54,36,2.2,2.06,1.8,1.73,16,-0.75,2.19,2.11,1.8,1.73,1.84,3.39,5.1
I2,27/10/2018,Brescia,Cosenza,1,0,H,0,0,D,11,7,5,6,16,17,5,7,3,3,0,0,1.9,3.3,4.2,1.9,3.2,4.6,1.9,3.25,4.1,1.94,3.24,4.62,1.95,3.25,4,1.91,3.3,4.5,37,1.96,1.9,3.5,3.24,5.2,4.26,36,2.1,2.02,1.85,1.76,15,-0.5,1.96,1.91,1.97,1.91,2.22,3.14,3.81
I2,27/10/2018,Foggia,Lecce,2,2,D,1,0,H,15,12,5,6,11,16,1,4,2,0,0,0,2.04,3.2,3.8,2.1,3.2,3.7,2.1,3.25,3.4,2.18,3.25,3.67,2.1,3.3,3.4,2.15,3.3,3.6,37,2.2,2.11,3.5,3.22,3.8,3.48,34,1.95,1.88,2,1.88,16,-0.25,1.87,1.81,2.07,2,2.03,3.34,4.15
I2,27/10/2018,Livorno,Ascoli,1,0,H,1,0,H,16,17,6,4,13,12,6,10,2,2,0,0,2.5,3,3,2.65,2.95,2.95,2.5,2.95,2.9,2.64,2.93,3.16,2.55,2.9,3,2.6,3,3,36,2.65,2.53,3.15,2.93,3.16,2.97,32,2.35,2.25,1.7,1.61,16,0,1.81,1.76,2.13,2.08,2.63,3.09,3.07
I2,27/10/2018,Padova,Spezia,0,0,D,0,0,D,9,10,2,2,13,16,4,3,3,2,0,0,2.5,3,3.1,2.4,2.95,3.25,2.4,3,3.05,2.53,2.99,3.25,2.6,2.9,2.9,2.45,3,3.2,37,2.6,2.45,3.15,2.96,3.25,3.07,32,2.35,2.25,1.65,1.6,16,-0.25,2.13,2.08,1.8,1.75,2.67,2.86,3.27
I2,27/10/2018,Pescara,Cittadella,0,1,A,0,0,D,9,16,2,6,15,20,4,6,3,3,0,0,2.1,3.25,3.5,2.1,3.1,3.9,2.15,3.15,3.4,2.27,3.05,3.72,2,3.2,3.75,2.2,3.25,3.5,37,2.27,2.14,3.35,3.12,3.9,3.52,34,2.05,1.94,1.9,1.83,17,-0.25,1.91,1.85,2.03,1.96,2.24,3.3,3.55
I2,27/10/2018,Verona,Perugia,2,1,H,1,1,D,14,11,6,8,14,14,9,5,1,1,0,0,1.8,3.3,5,1.9,3.1,4.75,1.85,3.25,4.3,1.92,3.26,4.72,1.85,3.3,4.33,1.85,3.3,4.8,37,1.95,1.87,3.45,3.22,5,4.46,35,2.25,2.15,1.75,1.67,17,-0.75,2.28,2.16,1.75,1.69,2.05,3.26,4.21
I2,28/10/2018,Crotone,Salernitana,1,1,D,0,0,D,12,12,3,2,0,0,6,11,0,2,0,0,2,3.3,3.75,1.95,3.2,4.2,1.95,3.2,4.05,2.02,3.1,4.5,2.05,3.2,3.7,2,3.2,4.2,36,2.05,1.96,3.4,3.16,4.5,4.01,34,2.2,2.09,1.8,1.71,15,-0.25,1.72,1.69,2.25,2.16,1.97,3.19,4.69
I2,30/10/2018,Ascoli,Verona,1,0,H,0,0,D,14,7,3,0,20,22,6,5,3,1,0,0,2.9,3,2.6,2.95,2.9,2.65,2.9,2.95,2.5,3.13,3,2.65,3,2.9,2.55,3.1,3,2.55,37,3.15,2.95,3.08,2.94,2.75,2.55,33,2.41,2.3,1.65,1.58,18,0.25,1.76,1.7,2.23,2.15,3.03,3,2.73
I2,30/10/2018,Carpi,Palermo,0,3,A,0,1,A,8,22,0,5,22,16,3,4,3,3,1,1,3.75,3,2.14,3.4,3,2.3,3.55,2.9,2.2,3.87,2.96,2.3,3.6,2.9,2.25,3.8,2.9,2.25,37,3.87,3.61,3.1,2.93,2.4,2.22,33,2.65,2.51,1.65,1.5,18,0.25,2.01,1.94,1.94,1.88,3.93,2.97,2.27
I2,30/10/2018,Cittadella,Foggia,1,1,D,1,1,D,12,10,4,4,26,14,6,5,4,1,1,0,1.9,3.5,3.9,2,3.4,3.75,1.9,3.45,3.8,1.98,3.57,4.02,1.95,3.5,3.75,1.93,3.5,4.1,37,2.05,1.94,3.62,3.42,4.1,3.81,35,1.88,1.81,2.08,1.97,18,-0.25,1.72,1.67,2.29,2.2,2,3.51,4.03
I2,30/10/2018,Cosenza,Pescara,1,1,D,1,0,H,10,17,3,4,10,18,1,5,2,3,0,0,2.37,3,3.25,2.45,2.95,3.2,2.35,3,3.05,2.57,3.05,3.19,2.5,3,3,2.45,3.1,3.13,37,2.65,2.43,3.13,3,3.25,3.06,35,2.27,2.17,1.73,1.66,18,-0.25,2.15,2.07,1.83,1.77,2.56,3.06,3.18
I2,30/10/2018,Cremonese,Venezia,0,1,A,0,0,D,6,7,3,2,16,5,1,4,1,0,0,0,2,3.1,4.2,2.05,3.1,4,2,3.05,4,2.1,3,4.5,2.1,2.9,3.9,2.05,3.1,4.2,37,2.1,2.03,3.2,3.03,4.5,4.04,33,2.45,2.32,1.63,1.58,16,-0.25,1.77,1.73,2.2,2.13,2.36,3.02,3.63
I2,30/10/2018,Perugia,Padova,3,2,H,1,1,D,20,9,10,5,8,15,7,5,2,4,0,0,2,3.1,4.2,2,3.1,4.2,1.95,3.15,4.1,1.99,3.21,4.56,2,3.1,4,1.95,3.2,4.33,37,2.05,1.97,3.28,3.13,4.56,4.12,33,2.39,2.26,1.7,1.6,18,-0.25,1.72,1.68,2.29,2.19,1.99,3.11,4.77
I2,31/10/2018,Lecce,Crotone,1,0,H,1,0,H,17,15,5,7,10,11,4,8,2,1,0,0,2.37,3.1,3.1,2.4,3,3.25,2.35,3,3.1,2.46,3.05,3.32,2.4,3,3.1,2.38,3.1,3.25,36,2.5,2.37,3.15,3.02,3.32,3.13,34,2.25,2.15,1.75,1.67,17,-0.25,2.1,2.01,1.87,1.8,2.68,3.07,3.01
I2,31/10/2018,Salernitana,Livorno,3,1,H,1,0,H,14,8,8,2,8,18,6,4,2,3,0,0,1.72,3.4,5.25,1.75,3.3,5.25,1.75,3.35,4.95,1.77,3.31,5.69,1.78,3.3,4.8,1.75,3.4,5.5,36,1.8,1.74,3.47,3.31,5.7,5.06,34,2.25,2.14,1.75,1.67,17,-0.75,2.03,1.96,1.92,1.85,1.9,3.15,5.22
I2,02/11/2018,Verona,Cremonese,1,1,D,1,1,D,8,12,4,2,14,15,4,7,3,3,0,0,1.9,3.2,4.33,1.91,3.2,4.5,1.95,3.1,4.05,1.96,3.19,4.72,2,3.1,4,1.95,3.2,4.5,38,2.05,1.94,3.3,3.12,4.72,4.26,35,2.3,2.22,1.7,1.63,17,-0.25,1.7,1.66,2.33,2.22,2.22,3.1,3.87
I2,03/11/2018,Benevento,Ascoli,1,2,A,1,1,D,8,5,4,2,18,22,11,1,1,4,0,0,1.6,3.4,7,1.62,3.5,6.5,1.6,3.55,5.7,1.66,3.43,6.66,1.67,3.5,5.5,1.65,3.6,6.25,38,1.67,1.62,3.85,3.48,7,6.01,36,2.12,2.04,1.81,1.75,19,-1,2.21,2.14,1.8,1.7,1.68,3.38,6.87
I2,03/11/2018,Foggia,Brescia,2,2,D,1,1,D,16,18,6,8,13,14,4,12,2,3,1,0,2.1,3.2,3.6,2.15,3.3,3.4,2.1,3.3,3.3,2.23,3.32,3.5,2.2,3.3,3.2,2.2,3.3,3.4,37,2.23,2.15,3.5,3.28,3.6,3.33,35,1.88,1.79,2.1,1.99,18,-0.25,1.95,1.87,2.03,1.94,2.05,3.43,3.94
I2,03/11/2018,Padova,Cittadella,0,0,D,0,0,D,18,16,6,5,15,30,4,8,3,6,0,0,2.7,2.87,2.9,2.65,2.85,3,2.7,2.9,2.7,2.89,2.92,2.9,2.7,2.9,2.8,2.75,3,2.88,37,2.89,2.71,3.05,2.91,3,2.8,33,2.43,2.3,1.65,1.58,19,0,1.95,1.87,2.01,1.94,3.27,3.14,2.46
I2,03/11/2018,Palermo,Cosenza,2,1,H,0,0,D,18,11,4,2,13,13,4,3,4,3,0,1,1.57,3.5,7,1.6,3.6,6.25,1.57,3.55,6.3,1.56,3.69,7.57,1.6,3.6,6,1.57,3.7,7,37,1.6,1.57,3.8,3.6,7.57,6.5,33,2.25,2.15,1.75,1.67,20,-1,2.09,2.03,1.85,1.79,1.61,3.58,7.32
I2,04/11/2018,Crotone,Carpi,1,1,D,1,0,H,17,8,7,5,16,16,7,4,4,1,1,1,1.57,3.7,6.25,1.57,3.7,6.5,1.55,3.55,6.6,1.56,3.58,7.85,1.6,3.6,6,1.55,3.7,7.5,37,1.6,1.55,3.85,3.59,7.85,6.75,33,2.35,2.22,1.7,1.63,20,-1,2.09,2.01,1.88,1.8,1.56,3.73,7.9
I2,04/11/2018,Livorno,Perugia,2,3,A,2,1,H,12,11,6,7,18,22,6,2,5,3,1,0,2.8,2.87,2.8,2.8,2.9,2.8,2.75,2.95,2.65,2.88,2.94,2.86,2.75,2.9,2.75,2.8,3,2.8,36,2.9,2.75,3.15,2.94,2.86,2.73,32,2.38,2.25,1.67,1.61,19,0,1.96,1.91,1.97,1.9,3.28,3.03,2.53
I2,04/11/2018,Venezia,Salernitana,1,0,H,1,0,H,8,7,2,3,13,20,5,2,3,3,0,0,2.25,3,3.5,2.3,3,3.4,2.25,2.95,3.3,2.37,2.93,3.64,2.3,3,3.3,2.3,3,3.5,37,2.4,2.29,3.15,2.97,3.64,3.36,33,2.38,2.25,1.67,1.61,18,-0.25,2,1.93,1.95,1.88,2.4,2.96,3.62
I2,05/11/2018,Pescara,Lecce,4,2,H,2,1,H,12,19,4,7,21,15,3,5,4,4,0,2,2,3.2,4,2,3.25,3.9,2.05,3.15,3.65,2.14,3.11,4,2.15,3.2,3.4,2.15,3.2,3.7,36,2.15,2.07,3.35,3.15,4,3.67,34,2.14,2.03,1.81,1.75,16,-0.25,1.87,1.8,2.1,2.02,2.11,3.25,3.99
I2,09/11/2018,Perugia,Crotone,2,1,H,1,0,H,13,12,4,4,13,11,5,7,2,2,0,0,2.04,3.25,3.8,2.15,3.2,3.6,2,3.2,3.7,2.06,3.37,3.99,2.05,3.3,3.6,2.05,3.2,4,35,2.15,2.05,3.37,3.21,4.1,3.7,33,2.17,2.07,1.79,1.72,13,-0.5,2.12,2.03,1.87,1.8,1.93,3.39,4.49
I2,10/11/2018,Ascoli,Padova,2,3,A,1,1,D,13,11,9,5,14,17,5,4,4,2,0,0,2.04,2.9,4.2,2.1,3,4,2.15,3,3.6,2.23,2.94,4.03,2.15,3,3.7,2.15,3,4,38,2.23,2.14,3.15,2.96,4.2,3.76,33,2.5,2.35,1.63,1.56,18,-0.25,1.87,1.81,2.08,2,2.2,2.92,4.23
I2,10/11/2018,Carpi,Benevento,2,2,D,0,0,D,10,15,7,7,11,15,6,5,4,4,0,0,3.75,3.2,2.04,3.8,3,2.15,3.6,3.1,2.1,3.97,3.07,2.18,3.7,3.1,2.1,3.9,3.1,2.1,38,3.97,3.69,3.25,3.06,2.2,2.11,34,2.38,2.24,1.7,1.62,18,0.25,2.08,2.02,1.85,1.8,4.4,3.28,2
I2,10/11/2018,Cosenza,Lecce,2,3,A,0,2,A,5,8,4,3,8,9,9,5,3,2,0,0,2.4,3.1,3.1,2.45,3,3.1,2.4,2.95,3.05,2.57,2.95,3.24,2.5,2.9,3.1,2.45,3,3.25,38,2.57,2.42,3.15,2.97,3.3,3.09,33,2.4,2.26,1.67,1.6,19,0,1.75,1.69,2.23,2.17,2.53,2.96,3.35
I2,10/11/2018,Cremonese,Livorno,1,0,H,1,0,H,10,15,4,4,8,11,12,3,1,3,0,0,1.75,3.25,5.25,1.7,3.25,6,1.73,3.25,5,1.8,3.21,5.77,1.8,3.25,4.8,1.75,3.4,5.25,38,1.8,1.75,3.45,3.25,6,5.2,33,2.35,2.25,1.7,1.61,18,-0.75,2.08,1.99,1.89,1.83,1.82,3.18,5.87
I2,10/11/2018,Salernitana,Spezia,1,0,H,1,0,H,6,10,3,4,24,19,4,10,1,2,0,1,2.1,3,3.8,2.2,3.1,3.5,2.15,3,3.6,2.22,2.98,3.99,2.2,3,3.5,2.2,3,3.75,38,2.23,2.16,3.15,3.01,3.99,3.62,33,2.4,2.29,1.65,1.59,18,-0.25,1.9,1.83,2.05,1.98,2.69,2.89,3.2
I2,11/11/2018,Brescia,Verona,4,2,H,2,0,H,18,9,5,3,16,14,3,3,4,2,0,0,2.37,3.25,3,2.4,3.1,3.1,2.35,3.05,3,2.47,3.09,3.24,2.5,3.1,2.9,2.4,3.13,3.2,36,2.5,2.38,3.25,3.08,3.24,3.05,34,2.15,2.04,1.81,1.75,18,0,1.75,1.68,2.26,2.18,2.34,3.19,3.44
I2,11/11/2018,Cittadella,Venezia,3,2,H,1,2,A,20,3,9,2,21,15,13,3,5,3,0,0,2,3.3,3.8,2.05,3.1,4,1.97,3.15,3.9,2.03,3.18,4.32,2,3.2,3.8,2,3.25,4.1,37,2.05,1.99,3.35,3.17,4.32,3.91,35,2.25,2.12,1.76,1.69,17,-0.25,1.78,1.71,2.23,2.14,1.92,3.3,4.77
I2,11/11/2018,Palermo,Pescara,3,0,H,1,0,H,16,7,4,3,12,10,3,11,2,2,0,0,1.8,3.4,4.75,1.83,3.25,4.75,1.83,3.25,4.5,1.88,3.16,5.16,1.91,3.2,4.33,1.87,3.3,4.75,37,1.91,1.84,3.4,3.21,5.16,4.55,35,2.24,2.13,1.76,1.68,17,-0.75,2.2,2.13,1.78,1.71,1.76,3.52,5.51
I2,18/11/2018,Spezia,Benevento,3,1,H,2,1,H,11,18,6,6,16,14,3,4,3,3,0,0,2.3,3.1,3.1,2.4,3,3.25,2.3,3.1,3.1,2.4,3.16,3.29,2.35,3,3.2,2.4,3.13,3.2,35,2.52,2.35,3.25,3.09,3.29,3.11,34,2.17,2.06,1.8,1.73,18,0,1.73,1.67,2.3,2.2,2.46,3.09,3.33
I2,23/11/2018,Verona,Palermo,1,1,D,1,0,H,8,17,2,5,13,16,4,7,1,1,0,0,3,3.1,2.45,3.1,3,2.5,3.05,3.1,2.35,3.08,3.14,2.58,3,3,2.5,3.1,3.1,2.5,38,3.15,2.99,3.25,3.04,2.58,2.44,36,2.2,2.09,1.77,1.71,20,0,2.2,2.11,1.8,1.74,3.26,2.98,2.58
I2,24/11/2018,Benevento,Perugia,2,1,H,1,1,D,25,7,9,2,14,14,3,1,2,2,0,1,2.04,3.3,3.6,2,3.2,4,1.97,3.2,3.8,2.06,3.13,4.28,1.95,3.2,4,2.05,3.25,4,38,2.1,2.01,3.3,3.17,4.28,3.84,35,2.08,1.99,1.89,1.79,19,-0.25,1.78,1.73,2.2,2.11,2.04,3.29,4.18
I2,24/11/2018,Livorno,Cittadella,0,0,D,0,0,D,17,10,4,2,9,13,8,4,0,5,0,1,3.6,3.1,2.14,3.7,3.1,2.15,3.55,3.15,2.1,3.94,3.16,2.17,3.5,3.1,2.15,3.8,3.1,2.15,38,3.94,3.62,3.3,3.07,2.2,2.13,36,2.21,2.1,1.8,1.7,19,0.25,2.08,2.01,1.86,1.81,3.81,3.19,2.19
I2,24/11/2018,Padova,Carpi,0,1,A,0,1,A,17,6,1,1,13,22,4,7,1,4,1,0,2.1,3.2,3.6,2.1,3,4,2.05,3,3.9,2.13,3.01,4.26,2.05,3.1,3.8,2.1,3,4.1,36,2.2,2.08,3.2,2.97,4.26,3.89,31,2.6,2.46,1.57,1.51,19,-0.25,1.83,1.77,2.13,2.06,2.11,3.11,4.22
I2,24/11/2018,Venezia,Brescia,2,1,H,2,0,H,7,18,3,7,5,19,6,6,2,4,1,0,2.14,3.1,3.4,2.25,3.1,3.4,2.25,3.1,3.15,2.36,3.14,3.45,2.35,3.1,3.1,2.38,3.1,3.3,38,2.4,2.29,3.3,3.07,3.45,3.2,36,2.13,2.04,1.82,1.74,19,0,1.69,1.63,2.4,2.28,2.39,3.01,3.56
I2,25/11/2018,Lecce,Cremonese,2,0,H,0,0,D,6,11,5,4,13,17,9,2,1,2,0,0,2.25,3.1,3.4,2.25,3.1,3.4,2.2,3.05,3.3,2.32,3.02,3.62,2.2,3,3.5,2.25,3.1,3.5,37,2.32,2.22,3.25,3.04,3.75,3.37,35,2.2,2.1,1.76,1.7,18,-0.25,1.96,1.91,1.98,1.9,2.14,3.18,3.99
I2,25/11/2018,Pescara,Ascoli,1,1,D,0,0,D,13,16,6,4,19,11,5,6,5,3,0,1,1.85,3.4,4.33,1.87,3.2,4.75,1.83,3.25,4.4,1.88,3.27,4.92,1.85,3.2,4.6,1.87,3.3,4.75,38,1.92,1.85,3.45,3.23,4.92,4.44,36,2.2,2.11,1.77,1.7,18,-0.75,2.19,2.14,1.77,1.71,1.93,3.23,4.88
I2,25/11/2018,Spezia,Foggia,0,0,D,0,0,D,19,9,6,2,18,10,10,5,2,5,0,1,2,3.5,3.6,2.1,3.2,3.75,1.97,3.3,3.75,2.05,3.38,3.92,2,3.25,3.8,2.05,3.25,3.9,38,2.1,2.01,3.5,3.26,3.95,3.7,36,2.11,2.01,1.85,1.77,19,-0.25,1.8,1.74,2.16,2.09,1.9,3.7,4.22
I2,26/11/2018,Crotone,Cosenza,0,1,A,0,0,D,14,9,4,1,20,15,2,9,4,5,1,1,1.8,3.4,4.75,1.87,3.3,4.5,1.8,3.25,4.5,1.86,3.23,5.14,1.8,3.2,5,1.83,3.3,5,36,1.9,1.83,3.45,3.24,5.14,4.55,33,2.22,2.12,1.75,1.69,17,-0.75,2.19,2.11,1.8,1.73,1.93,3.27,4.82
I2,30/11/2018,Palermo,Benevento,0,0,D,0,0,D,11,17,2,2,18,13,5,5,3,2,0,0,1.8,3.25,5.25,1.9,3.3,4.4,1.83,3.3,4.35,1.89,3.41,4.71,1.8,3.25,4.8,1.83,3.3,5,34,1.91,1.86,3.5,3.29,5.25,4.36,33,2.2,2.11,1.76,1.69,16,-0.75,2.22,2.14,1.8,1.71,1.83,3.49,5
I2,01/12/2018,Ascoli,Spezia,3,1,H,1,0,H,6,10,4,4,12,16,2,9,4,1,1,1,2.3,3,3.4,2.55,2.9,3.1,2.45,2.9,3,2.57,2.96,3.23,2.5,2.88,3.1,2.55,2.9,3.2,37,2.57,2.45,3.05,2.92,3.4,3.08,33,2.55,2.41,1.6,1.53,20,0,1.8,1.71,2.26,2.15,2.87,2.84,3.03
I2,01/12/2018,Cittadella,Salernitana,3,1,H,1,0,H,14,9,9,6,17,12,7,2,3,1,0,0,2,3.2,4,2,3,4.4,2,3.15,3.9,2.06,3.19,4.29,2,3.1,4,2,3.2,4.2,36,2.07,2,3.3,3.12,4.4,3.95,35,2.29,2.16,1.75,1.67,18,-0.25,1.77,1.73,2.21,2.12,2.09,3.11,4.31
I2,01/12/2018,Cosenza,Padova,2,1,H,0,1,A,21,6,8,2,17,17,8,1,3,1,0,1,2,3.1,4.2,2,3,4.33,1.97,3.1,3.95,2.09,3.11,4.22,2,3,4.2,2,3.1,4.3,37,2.09,2.01,3.3,3.09,4.33,3.98,33,2.41,2.29,1.65,1.59,19,-0.25,1.77,1.73,2.2,2.12,1.99,3.21,4.55
I2,01/12/2018,Cremonese,Crotone,1,0,H,0,0,D,15,6,2,2,12,13,6,2,2,3,0,1,2.37,3,3.25,2.4,2.95,3.3,2.45,2.95,3,2.55,2.99,3.25,2.45,2.9,3.2,2.45,3,3.25,37,2.55,2.42,3.1,2.94,3.31,3.12,33,2.35,2.23,1.67,1.62,20,0,1.75,1.69,2.25,2.17,2.43,3.02,3.47
I2,02/12/2018,Brescia,Livorno,2,0,H,1,0,H,9,11,6,3,15,15,4,6,3,2,1,0,1.72,3.4,5.25,1.75,3.4,5.25,1.73,3.35,5,1.76,3.3,5.78,1.7,3.3,5.5,1.73,3.5,5.5,36,1.8,1.72,3.55,3.36,5.78,5.15,35,2.19,2.07,1.79,1.73,18,-0.75,2.01,1.95,1.93,1.86,1.77,3.48,5.5
I2,02/12/2018,Carpi,Lecce,0,1,A,0,1,A,8,8,1,3,20,11,2,6,4,3,0,0,2.75,3,2.75,2.75,3,2.75,2.75,2.95,2.65,2.97,2.92,2.8,2.88,2.88,2.7,2.88,3,2.75,37,2.97,2.8,3.1,2.91,2.8,2.69,33,2.41,2.28,1.67,1.59,20,0,2.01,1.95,1.93,1.86,3.54,3.02,2.4
I2,02/12/2018,Perugia,Pescara,2,1,H,1,0,H,14,14,5,3,8,9,3,7,1,0,0,0,2.1,3.2,3.6,2.1,3.1,3.9,2.15,3.15,3.4,2.25,3.1,3.7,2.15,3.1,3.5,2.2,3.2,3.5,37,2.25,2.13,3.3,3.11,3.9,3.52,36,2.07,2,1.86,1.78,19,-0.25,1.92,1.86,2.02,1.96,2.16,3.29,3.79
I2,03/12/2018,Foggia,Venezia,1,1,D,1,1,D,10,23,3,6,14,19,1,5,2,3,0,0,2.1,3.2,3.6,2.1,3.25,3.6,2,3.2,3.7,2.12,3.19,3.96,2.05,3.1,3.8,2.1,3.2,3.75,35,2.15,2.07,3.35,3.16,3.96,3.64,34,2.12,2.03,1.83,1.75,17,-0.25,1.85,1.79,2.15,2.04,2.05,3.29,4.16
I2,07/12/2018,Pescara,Carpi,2,0,H,0,0,D,18,11,3,5,14,13,8,3,1,2,0,0,1.61,3.6,6,1.62,3.7,5.75,1.6,3.6,5.5,1.67,3.66,6.11,1.62,3.5,6,1.65,3.6,6.25,37,1.67,1.63,3.85,3.59,6.25,5.64,35,2.06,1.98,1.91,1.8,21,-1,2.3,2.17,1.76,1.69,1.68,3.61,6.11
I2,08/12/2018,Lecce,Perugia,0,0,D,0,0,D,8,12,3,5,12,12,6,2,1,2,0,0,2.25,3.1,3.4,2.25,3.2,3.3,2.2,3.1,3.25,2.32,3.19,3.44,2.25,3,3.4,2.25,3.2,3.4,38,2.32,2.23,3.3,3.14,3.49,3.27,34,2.1,1.98,1.87,1.8,19,-0.25,2,1.93,1.95,1.89,2.08,3.4,3.88
I2,08/12/2018,Padova,Palermo,1,3,A,1,1,D,16,9,6,5,21,19,4,6,3,3,0,0,3.6,3.3,2.04,3.7,3.2,2.1,3.75,3.1,2.05,3.98,3.2,2.14,3.8,3.1,2.05,3.8,3.2,2.1,38,4,3.71,3.3,3.12,2.15,2.08,32,2.45,2.3,1.65,1.58,19,0.25,2.15,2.04,1.84,1.79,3.81,3.2,2.19
I2,08/12/2018,Spezia,Cosenza,4,0,H,1,0,H,13,13,5,1,13,10,3,11,1,2,0,0,1.95,3.3,4,1.9,3.25,4.4,1.93,3.05,4.3,1.98,3.12,4.7,1.91,3.1,4.5,1.95,3.13,4.6,38,2,1.93,3.3,3.11,4.7,4.26,32,2.5,2.38,1.61,1.55,19,-0.25,1.7,1.65,2.33,2.25,2.02,3.1,4.65
I2,08/12/2018,Venezia,Ascoli,1,0,H,0,0,D,13,8,8,2,15,20,3,2,3,4,0,1,2.14,3.1,3.6,2.2,3.1,3.5,2.1,3.05,3.7,2.16,3.13,3.93,2.1,3,3.75,2.2,3,3.75,38,2.2,2.15,3.2,3.05,3.93,3.58,32,2.5,2.33,1.62,1.57,19,-0.25,1.9,1.84,2.1,1.98,2.14,3.07,4.2
I2,09/12/2018,Benevento,Verona,0,1,A,0,0,D,13,14,2,8,16,21,8,5,3,5,1,1,2,3.4,3.75,2.05,3.25,3.8,2,3.15,3.85,2.04,3.23,4.17,1.95,3.25,4,2,3.25,4.2,36,2.05,1.99,3.4,3.2,4.2,3.83,34,2.25,2.1,1.76,1.71,18,-0.25,1.8,1.72,2.23,2.14,2,3.35,4.27
I2,09/12/2018,Cremonese,Cittadella,0,0,D,0,0,D,10,12,3,4,13,20,5,6,3,2,0,0,2.4,3,3.2,2.3,3,3.4,2.4,3,3.05,2.54,2.97,3.26,2.45,2.9,3.1,2.45,3,3.25,36,2.54,2.41,3.15,2.98,3.4,3.1,32,2.35,2.23,1.7,1.62,19,0,1.75,1.69,2.25,2.17,2.6,2.95,3.25
I2,09/12/2018,Livorno,Foggia,3,1,H,1,1,D,19,15,9,6,20,10,3,5,3,2,0,0,3.1,3.1,2.37,3,3.1,2.45,2.85,3.1,2.45,3.01,3.16,2.58,2.88,3.2,2.45,3,3.13,2.55,37,3.1,2.88,3.3,3.1,2.6,2.46,34,2.1,2.01,1.85,1.77,19,0,2.14,2.06,1.85,1.77,2.81,3.3,2.69
I2,10/12/2018,Salernitana,Brescia,1,3,A,0,3,A,11,27,2,9,14,13,5,5,2,0,0,0,2.25,3.2,3.25,2.35,3.1,3.2,2.3,3.05,3.1,2.43,3.09,3.31,2.35,3,3.2,2.38,3.1,3.25,36,2.43,2.33,3.2,3.05,3.31,3.15,33,2.25,2.13,1.75,1.68,18,-0.25,2.08,2.01,1.87,1.81,2.51,3.15,3.17
I2,14/12/2018,Foggia,Cremonese,3,1,H,3,1,H,9,8,4,3,16,17,1,6,3,4,0,0,2.1,3.2,3.6,2.25,3,3.6,2.15,3.1,3.4,2.29,3.07,3.71,2.2,3,3.5,2.25,3.13,3.5,35,2.29,2.17,3.25,3.09,3.81,3.5,33,2.2,2.07,1.81,1.73,18,-0.25,1.93,1.88,2.03,1.95,2.12,3.18,4.07
I2,15/12/2018,Ascoli,Cittadella,1,1,D,1,1,D,16,12,5,5,12,18,8,4,1,3,0,0,2.75,3,2.75,2.65,3,2.85,2.75,2.95,2.65,2.91,2.97,2.83,2.8,2.88,2.75,2.8,2.9,2.88,35,2.91,2.73,3.1,2.93,2.9,2.75,30,2.46,2.33,1.64,1.57,19,0,2,1.9,1.98,1.92,3.06,2.97,2.72
I2,15/12/2018,Cosenza,Benevento,0,0,D,0,0,D,10,13,3,4,17,17,4,5,1,3,0,0,2.87,3.1,2.54,3,3,2.55,2.85,2.95,2.55,3.04,2.95,2.72,2.9,2.9,2.62,3,3,2.63,35,3.04,2.9,3.1,2.93,2.72,2.59,31,2.35,2.21,1.7,1.64,19,0,2.09,2.01,1.88,1.81,2.63,2.99,3.16
I2,15/12/2018,Palermo,Livorno,1,1,D,1,1,D,18,8,7,4,20,19,3,3,2,3,0,0,1.36,4.75,8,1.42,4.4,8,1.4,4.3,7.8,1.43,4.34,9.11,1.38,4.33,9,1.4,4.5,9,35,1.45,1.39,4.75,4.31,9.11,8.09,32,1.9,1.83,2.03,1.94,18,-1.25,2.04,1.96,1.95,1.86,1.62,3.53,7.39
I2,15/12/2018,Perugia,Spezia,1,1,D,1,0,H,15,19,4,7,13,10,4,10,1,3,0,0,2.04,3.2,3.8,2.2,3,3.7,2.1,3.05,3.65,2.15,3.11,4.06,2.1,3,3.8,2.15,3.1,3.8,35,2.21,2.11,3.25,3.04,4.06,3.72,30,2.3,2.21,1.7,1.63,18,-0.25,1.86,1.8,2.1,2.03,2.35,2.97,3.72
I2,16/12/2018,Brescia,Lecce,2,1,H,0,1,A,21,14,7,6,18,15,10,2,3,2,0,0,2.2,3,3.6,2.25,3.1,3.4,2.15,3.1,3.35,2.27,3.09,3.66,2.15,3.1,3.5,2.2,3.2,3.5,35,2.27,2.19,3.25,3.08,3.66,3.4,31,2.1,2.01,1.86,1.78,17,-0.25,1.95,1.89,2,1.93,1.86,3.67,4.45
I2,16/12/2018,Carpi,Salernitana,3,2,H,1,0,H,13,23,5,11,14,14,4,8,3,2,0,0,2.87,2.87,2.7,2.85,2.85,2.8,2.75,2.85,2.7,2.92,2.88,2.87,2.8,2.88,2.75,2.88,2.9,2.8,35,2.95,2.79,2.95,2.85,2.9,2.74,30,2.58,2.46,1.57,1.51,18,0,2,1.93,1.95,1.88,2.91,2.88,2.94
I2,16/12/2018,Crotone,Venezia,1,1,D,0,1,A,12,8,3,4,21,4,4,5,4,3,0,0,1.95,3,4.5,2.15,3,3.8,2.05,3,3.8,2.13,3.02,4.2,2.05,3,4,2.1,3.1,4,33,2.15,2.08,3.2,3.01,4.5,3.86,28,2.4,2.28,1.65,1.6,17,-0.25,1.83,1.77,2.14,2.07,1.94,3.33,4.56
I2,17/12/2018,Verona,Pescara,3,1,H,2,0,H,8,15,4,6,14,18,1,4,2,3,0,0,2.1,3.2,3.6,2.15,3.2,3.6,2.05,3.15,3.6,2.15,3.19,3.86,2.1,3.1,3.7,2.1,3.2,3.8,34,2.15,2.1,3.35,3.15,3.86,3.58,32,2.15,2.03,1.83,1.75,17,-0.25,1.86,1.8,2.12,2.04,2.18,3.3,3.7
I2,21/12/2018,Ascoli,Brescia,1,1,D,0,0,D,15,12,5,5,14,18,2,3,2,3,0,0,3,3.1,2.4,2.95,3,2.55,3,3.05,2.4,3.21,3.06,2.55,3,3,2.45,3,3.1,2.55,36,3.21,2.99,3.2,3.01,2.63,2.47,34,2.21,2.12,1.76,1.69,20,0,2.2,2.12,1.8,1.74,3,3.11,2.66
I2,22/12/2018,Cremonese,Carpi,1,2,A,0,1,A,24,10,5,8,14,18,13,1,1,3,0,1,1.8,3.3,4.75,1.85,3.2,4.75,1.8,3.15,4.75,1.85,3.15,5.4,1.78,3.2,5,1.8,3.25,5.25,36,1.88,1.82,3.35,3.18,5.4,4.82,31,2.51,2.37,1.61,1.55,19,-0.75,2.19,2.11,1.8,1.73,1.88,3.11,5.51
I2,22/12/2018,Livorno,Verona,0,0,D,0,0,D,20,9,3,1,23,12,7,2,2,3,0,0,3.4,3,2.3,3.1,3,2.45,3.15,3.05,2.3,3.41,3.14,2.35,3.3,3,2.3,3.25,3.1,2.38,36,3.41,3.18,3.21,3.06,2.5,2.33,33,2.25,2.16,1.75,1.67,19,0.25,1.9,1.83,2.08,2,2.92,3.09,2.74
I2,23/12/2018,Benevento,Crotone,3,0,H,1,0,H,14,9,7,0,12,24,1,3,1,4,0,0,1.8,3.5,4.5,1.85,3.3,4.6,1.83,3.25,4.45,1.88,3.24,4.98,1.83,3.25,4.6,1.85,3.3,4.75,35,1.9,1.84,3.5,3.27,4.98,4.49,33,2.23,2.11,1.76,1.7,18,-0.75,2.23,2.13,1.8,1.72,2.19,3.07,4
I2,23/12/2018,Cittadella,Perugia,2,2,D,1,1,D,19,3,5,2,14,10,13,2,5,2,0,0,2,3.2,4,2,3.2,4,2,3.1,3.9,2.05,3.16,4.27,1.95,3.1,4.2,2.05,3.2,4.1,34,2.06,2.01,3.3,3.13,4.27,3.92,33,2.25,2.12,1.76,1.69,17,-0.5,2.1,2.02,1.86,1.82,2.13,3.27,3.89
I2,23/12/2018,Lecce,Padova,3,2,H,2,0,H,16,11,9,3,10,14,4,4,2,1,0,0,1.75,3.4,5,1.72,3.5,5.25,1.67,3.4,5.3,1.7,3.41,6.17,1.67,3.3,6,1.73,3.4,5.75,34,1.75,1.69,3.55,3.38,6.25,5.46,33,2.17,2.07,1.8,1.73,17,-0.75,1.99,1.92,1.96,1.91,1.78,3.34,5.75
I2,23/12/2018,Salernitana,Foggia,1,0,H,0,0,D,13,10,3,4,17,17,6,3,3,3,0,1,2.14,3,3.75,2.2,3.1,3.5,2.15,3.15,3.35,2.26,3.12,3.65,2.15,3.1,3.5,2.2,3.2,3.5,35,2.3,2.18,3.27,3.11,3.75,3.41,32,2.05,1.96,1.9,1.81,18,-0.25,1.95,1.88,2.01,1.95,2.62,3.06,3.11
I2,23/12/2018,Spezia,Palermo,1,1,D,1,1,D,15,13,6,7,10,12,5,7,2,4,0,0,2.9,2.87,2.7,3,2.85,2.65,2.85,2.85,2.6,3.01,2.87,2.81,2.9,2.8,2.7,2.9,2.9,2.8,34,3.01,2.87,3,2.85,2.81,2.67,31,2.6,2.43,1.6,1.53,19,0,2.05,1.96,1.93,1.86,2.79,2.83,3.13
I2,23/12/2018,Venezia,Cosenza,0,1,A,0,0,D,10,12,5,3,16,29,2,1,2,3,0,0,2.04,3.2,3.8,2.1,2.9,4.1,2.05,2.95,3.95,2.12,3.01,4.26,2.05,3,4,2.1,3,4.2,35,2.13,2.07,3.2,2.98,4.26,3.94,31,2.6,2.43,1.6,1.53,18,-0.25,1.8,1.75,2.16,2.08,2.31,2.93,3.9
I2,26/12/2018,Brescia,Cremonese,3,2,H,2,0,H,18,14,5,6,19,21,2,6,1,3,0,0,1.8,3.3,4.75,1.8,3.3,4.75,1.8,3.25,4.65,1.83,3.27,5.29,1.8,3.3,4.8,1.8,3.4,5,35,1.86,1.8,3.45,3.28,5.29,4.73,34,2.16,2.07,1.8,1.74,18,-0.5,1.85,1.8,2.1,2.03,2.17,3,4.21
I2,26/12/2018,Carpi,Livorno,1,4,A,1,1,D,10,18,1,9,20,20,3,4,1,3,0,0,2.2,3,3.6,2.25,2.9,3.6,2.25,2.95,3.4,2.36,2.91,3.69,2.25,2.9,3.5,2.3,3,3.5,36,2.36,2.25,3.1,2.94,3.69,3.48,33,2.45,2.32,1.65,1.58,19,-0.25,2,1.93,1.96,1.89,2.83,2.85,3.06
I2,27/12/2018,Cosenza,Salernitana,0,0,D,0,0,D,11,8,6,3,19,18,1,0,2,2,0,0,2.3,2.87,3.5,2.4,2.9,3.2,2.35,2.9,3.2,2.5,2.85,3.5,2.4,2.88,3.3,2.45,2.9,3.4,34,2.5,2.38,2.99,2.88,3.5,3.26,31,2.5,2.35,1.62,1.57,19,0,1.7,1.63,2.38,2.28,2.09,2.99,4.53
I2,27/12/2018,Crotone,Spezia,0,3,A,0,1,A,15,20,3,5,17,10,6,3,2,2,0,0,2.14,3,3.75,2.15,3,3.7,2.2,3,3.4,2.31,3.02,3.67,2.2,3,3.5,2.25,3.1,3.6,34,2.31,2.21,3.15,3,3.75,3.47,31,2.35,2.23,1.7,1.63,18,-0.25,1.97,1.9,1.99,1.92,2.35,2.96,3.73
I2,27/12/2018,Padova,Benevento,0,1,A,0,0,D,13,20,1,7,16,17,4,3,2,4,0,0,3.4,3,2.3,3.25,3,2.35,3.25,3.05,2.25,3.51,3.07,2.35,3.4,3,2.25,3.4,3.13,2.3,34,3.51,3.26,3.2,3.03,2.37,2.29,31,2.23,2.12,1.76,1.69,18,0.25,1.95,1.86,2.02,1.96,3.5,3.06,2.39
I2,27/12/2018,Palermo,Ascoli,3,0,H,1,0,H,13,13,4,1,13,6,7,3,1,1,0,0,1.6,3.75,5.75,1.62,3.5,6,1.63,3.5,5.5,1.66,3.53,6.29,1.6,3.5,6.5,1.62,3.6,6.5,34,1.68,1.63,3.75,3.51,6.5,5.79,31,2.23,2.14,1.75,1.68,20,-1,2.26,2.19,1.75,1.68,1.64,3.68,6.44
I2,27/12/2018,Perugia,Foggia,3,0,H,2,0,H,17,9,9,3,17,11,5,3,3,3,0,0,2,3.3,3.75,2.05,3.1,3.8,2,3.2,3.75,2.06,3.23,4.08,2.05,3.1,3.9,2.1,3.2,3.8,34,2.11,2.03,3.4,3.16,4.08,3.77,32,2.18,2.04,1.83,1.75,18,-0.25,1.81,1.75,2.2,2.09,1.93,3.52,4.35
I2,27/12/2018,Pescara,Venezia,1,0,H,0,0,D,19,11,4,4,11,13,11,4,0,0,0,0,1.85,3.4,4.33,1.85,3.25,4.5,1.85,3.25,4.3,1.92,3.26,4.71,1.85,3.2,4.6,1.9,3.3,4.5,32,1.93,1.87,3.45,3.24,4.71,4.35,30,2.11,2.03,1.85,1.77,18,-0.75,2.25,2.16,1.75,1.7,2.14,3.02,4.27
I2,27/12/2018,Verona,Cittadella,4,0,H,2,0,H,9,12,4,4,10,14,3,5,0,2,0,0,2.1,3.1,3.8,2.15,3.1,3.5,2.15,3,3.5,2.24,3,3.86,2.15,3.1,3.6,2.2,3.1,3.7,34,2.25,2.17,3.2,3.02,3.86,3.57,30,2.3,2.2,1.71,1.64,18,-0.25,1.91,1.86,2.03,1.96,2.41,3.15,3.35
I2,30/12/2018,Ascoli,Crotone,3,2,H,0,2,A,20,13,6,7,9,19,5,7,4,2,1,0,2.2,3.1,3.5,2.3,3,3.4,2.25,2.9,3.35,2.39,2.88,3.69,2.3,2.88,3.5,2.3,3,3.5,32,2.4,2.28,3.1,2.91,3.75,3.42,28,2.5,2.35,1.64,1.57,17,-0.25,2.03,1.96,1.93,1.86,2.39,3.17,3.36
I2,30/12/2018,Benevento,Brescia,1,1,D,0,0,D,14,6,2,3,19,14,8,2,3,2,0,0,2.1,3.2,3.75,2.1,3,4,2.05,3.15,3.6,2.16,3.13,3.91,2.05,3.1,3.8,2.1,3.2,3.8,32,2.16,2.08,3.3,3.09,4,3.73,28,2.15,2.07,1.8,1.73,17,-0.5,2.15,2.09,1.8,1.75,2.06,3.34,4.03
I2,30/12/2018,Cittadella,Palermo,0,1,A,0,0,D,23,12,5,6,24,17,10,2,2,2,0,0,2.5,3,3,2.4,2.95,3.25,2.4,3,3.05,2.54,3,3.23,2.45,3.2,2.9,2.45,3,3.2,32,2.54,2.42,3.2,2.98,3.25,3.08,28,2.28,2.18,1.72,1.66,17,-0.25,2.16,2.08,1.82,1.77,2.38,3.05,3.52
I2,30/12/2018,Cremonese,Perugia,4,0,H,3,0,H,12,18,6,7,8,23,3,2,2,3,0,0,2.37,3,3.3,2.4,3,3.2,2.35,3,3.15,2.45,2.97,3.42,2.38,3,3.2,2.4,3.1,3.2,32,2.49,2.37,3.15,2.99,3.42,3.18,28,2.21,2.12,1.76,1.69,17,-0.25,2.12,2.03,1.86,1.81,2.74,2.91,3.1
I2,30/12/2018,Foggia,Verona,2,2,D,1,2,A,17,11,8,5,19,10,7,2,3,5,0,0,2.45,3,3.1,2.45,3,3.1,2.4,3.05,3,2.53,3.01,3.23,2.4,3,3.1,2.45,3.13,3.1,32,2.53,2.41,3.2,3.01,3.23,3.07,28,2.15,2.03,1.83,1.75,18,-0.25,2.14,2.06,1.82,1.77,2.48,3.08,3.3
I2,30/12/2018,Livorno,Padova,1,1,D,0,1,A,11,8,6,5,13,11,7,8,3,3,0,0,1.95,3.2,4.2,2.05,3.1,4,2.05,3.05,3.8,2.15,3.01,4.12,2.05,3,4,2.1,3.1,4,32,2.15,2.06,3.2,3.02,4.2,3.9,28,2.35,2.23,1.72,1.63,18,-0.25,1.82,1.78,2.14,2.06,1.83,3.27,5.46
I2,30/12/2018,Salernitana,Pescara,2,4,A,2,1,H,15,14,3,7,13,17,3,4,1,2,0,0,2.14,3,3.8,2.25,3,3.5,2.2,3.1,3.3,2.32,3.07,3.56,2.25,3,3.4,2.25,3.13,3.5,32,2.32,2.23,3.25,3.02,3.6,3.4,28,2.16,2.08,1.8,1.72,18,-0.25,1.98,1.92,1.96,1.9,2.79,3.03,2.92
I2,30/12/2018,Spezia,Lecce,1,1,D,1,0,H,10,15,4,4,14,8,2,6,2,4,0,0,2.1,3.1,3.8,2.25,3,3.5,2.15,3.1,3.4,2.23,3.14,3.68,2.15,3.1,3.6,2.2,3.13,3.7,32,2.25,2.17,3.25,3.06,3.7,3.49,28,2.22,2.12,1.8,1.69,18,-0.25,1.93,1.85,2.04,1.97,2,3.42,4.14
I2,30/12/2018,Venezia,Carpi,1,1,D,0,1,A,19,5,11,1,12,21,7,3,2,3,0,0,1.75,3.1,5.75,1.83,3.2,5,1.83,3.15,4.6,1.88,3.23,5.02,1.83,3.1,5,1.83,3.2,5.2,32,1.9,1.84,3.3,3.14,5.25,4.78,28,2.51,2.4,1.61,1.54,17,-0.5,1.9,1.84,2.05,1.98,1.91,3.19,5.06
I2,18/01/2019,Palermo,Salernitana,1,2,A,1,1,D,11,12,7,6,17,15,5,3,3,2,0,0,1.53,3.75,7,1.55,3.7,7,1.57,3.65,5.8,1.6,3.71,6.99,1.55,3.6,7,1.53,3.8,7.5,34,1.61,1.56,3.9,3.67,7.5,6.33,33,2.1,2.02,1.84,1.77,16,-1,2.12,2.02,1.88,1.8,1.76,3.34,5.9
I2,19/01/2019,Carpi,Foggia,0,2,A,0,1,A,19,9,5,6,24,14,3,4,5,3,0,0,2.62,3.1,2.75,2.7,3.1,2.75,2.65,3.1,2.65,2.82,3.14,2.75,2.8,3,2.62,2.75,3.1,2.75,36,2.82,2.69,3.25,3.07,2.8,2.68,35,2.2,2.1,1.77,1.71,20,0,1.98,1.92,1.96,1.9,2.92,3.06,2.77
I2,19/01/2019,Crotone,Cittadella,0,0,D,0,0,D,9,6,2,1,14,22,7,4,2,4,0,0,2.6,3,2.9,2.55,2.95,3,2.55,3.05,2.75,2.71,3.1,2.9,2.62,3,2.8,2.63,3.1,2.88,36,2.71,2.56,3.2,3.02,3.05,2.85,34,2.23,2.12,1.78,1.7,20,0,1.9,1.81,2.08,2.01,2.38,3.16,3.4
I2,19/01/2019,Lecce,Benevento,1,1,D,0,0,D,20,13,7,4,17,15,6,3,2,3,0,0,2.25,3.1,3.4,2.3,3,3.4,2.3,3.05,3.15,2.42,3.04,3.39,2.3,3,3.3,2.38,3.1,3.3,36,2.42,2.3,3.25,3.03,3.44,3.27,34,2.26,2.15,1.77,1.68,20,0,1.7,1.64,2.35,2.27,2.57,2.96,3.3
I2,19/01/2019,Perugia,Brescia,0,2,A,0,1,A,17,8,2,6,22,19,6,4,1,3,0,0,2.3,3.1,3.25,2.25,3,3.5,2.25,3.15,3.1,2.36,3.12,3.41,2.25,3.1,3.3,2.3,3.2,3.3,36,2.36,2.28,3.25,3.1,3.5,3.23,34,2.06,1.99,1.9,1.79,19,-0.25,2.03,1.96,1.92,1.86,2.4,3.15,3.36
I2,20/01/2019,Cosenza,Ascoli,0,0,D,0,0,D,15,13,4,3,23,9,6,3,3,0,0,0,2.15,3.1,3.6,2.2,2.95,3.7,2.15,2.95,3.65,2.27,2.88,4,2.1,2.8,3.4,2.25,3,3.7,36,2.27,2.18,3.1,2.93,4,3.65,33,2.56,2.39,1.61,1.55,19,-0.25,1.92,1.85,2.03,1.96,2.12,2.92,4.57
I2,20/01/2019,Padova,Verona,3,0,H,1,0,H,14,14,9,5,12,16,3,15,3,2,0,0,3,3,2.5,3.1,3,2.45,3,2.9,2.5,3.21,2.92,2.61,2.9,2.75,2.4,3.2,3,2.5,36,3.21,3.04,3.05,2.93,2.61,2.48,33,2.41,2.3,1.65,1.59,20,0,2.2,2.13,1.8,1.72,3.14,3.12,2.56
I2,20/01/2019,Pescara,Cremonese,0,0,D,0,0,D,9,17,2,4,11,15,4,11,3,0,0,0,1.9,3,4.75,1.95,3.2,4.25,1.93,3.15,4.1,2.01,3.1,4.56,1.85,2.9,4.2,1.95,3.2,4.4,36,2.03,1.94,3.3,3.13,4.75,4.23,34,2.31,2.19,1.72,1.65,19,-0.25,1.73,1.66,2.33,2.22,2.1,3.04,4.39
I2,21/01/2019,Spezia,Venezia,1,1,D,0,0,D,31,4,12,3,13,13,11,3,1,2,0,0,1.9,3.25,4.33,1.95,3.2,4.2,1.87,3.15,4.3,1.93,3.14,4.95,1.8,3,4.33,1.93,3.2,4.6,34,1.95,1.9,3.35,3.14,4.95,4.41,31,2.44,2.31,1.65,1.59,17,-0.75,2.28,2.2,1.72,1.66,1.9,3.25,5.01
I2,25/01/2019,Foggia,Crotone,0,2,A,0,2,A,24,14,5,5,10,22,2,4,1,3,0,0,2.1,3.2,3.6,2.15,3.25,3.5,2.05,3.25,3.45,2.16,3.33,3.7,2.1,3.2,3.6,2.15,3.25,3.6,37,2.2,2.12,3.45,3.2,3.7,3.52,35,2.03,1.94,1.91,1.84,19,-0.25,1.91,1.83,2.06,1.99,2.43,3.16,3.3
I2,26/01/2019,Ascoli,Perugia,0,3,A,0,0,D,18,7,5,3,18,27,9,1,3,4,0,0,2.6,3,2.9,2.55,3,3,2.55,3.1,2.75,2.71,3.04,2.95,2.6,3,2.88,2.63,3.1,2.88,37,2.71,2.57,3.2,3.01,3,2.85,35,2.17,2.05,1.81,1.74,20,0,1.88,1.83,2.05,1.99,2.79,2.89,3.07
I2,26/01/2019,Cittadella,Carpi,3,1,H,0,0,D,22,8,9,3,17,18,6,6,1,2,0,0,1.61,3.6,6,1.62,3.6,6,1.63,3.5,5.6,1.65,3.47,6.65,1.6,3.4,6.5,1.62,3.6,6.5,37,1.67,1.62,3.75,3.5,6.65,5.86,35,2.25,2.14,1.76,1.69,21,-1,2.24,2.15,1.77,1.7,1.52,3.88,8.07
I2,26/01/2019,Cremonese,Palermo,2,0,H,1,0,H,18,5,10,2,25,20,5,1,1,2,0,0,3,2.9,2.6,2.95,3,2.6,2.9,3,2.5,3.08,2.98,2.66,3,2.9,2.55,3,3,2.63,37,3.2,2.93,3.1,2.95,2.7,2.56,33,2.38,2.26,1.67,1.61,20,0,2.11,2.03,1.87,1.79,2.77,2.93,3.04
I2,26/01/2019,Salernitana,Lecce,1,2,A,0,2,A,12,13,2,6,10,17,3,4,1,2,0,0,2.37,3,3.25,2.4,3.1,3.1,2.35,3.1,3.05,2.49,3.07,3.22,2.4,3,3.1,2.45,3.1,3.2,37,2.49,2.38,3.25,3.06,3.25,3.09,35,2.14,2.04,1.82,1.76,20,0,1.73,1.68,2.26,2.19,3.11,2.89,2.76
I2,27/01/2019,Brescia,Spezia,4,4,D,2,2,D,19,8,6,3,18,15,6,4,1,3,0,0,2,3.1,4.2,2.05,3.1,4,2,3.15,3.75,2.09,3.09,4.25,2,3.1,4,2.05,3.2,4,36,2.1,2.03,3.3,3.09,4.25,3.91,35,2.21,2.11,1.76,1.7,19,-0.25,1.8,1.74,2.17,2.09,2.13,3.13,4.11
I2,27/01/2019,Livorno,Pescara,0,0,D,0,0,D,26,5,8,0,20,15,9,2,1,2,0,0,2.5,3.1,2.9,2.55,3.1,2.9,2.5,3.1,2.8,2.64,3.15,2.95,2.5,3.1,2.88,2.6,3,3,36,2.64,2.53,3.22,3.11,3.05,2.83,34,2.21,2.12,1.76,1.69,20,0,1.85,1.8,2.11,2.03,2.35,3.21,3.39
I2,27/01/2019,Venezia,Padova,2,1,H,1,0,H,13,12,5,4,14,24,3,2,4,3,1,0,2,3,4.33,1.91,3.1,4.6,2,3.1,3.9,2.07,3.08,4.33,2,3,4.2,2.05,3.1,4.2,36,2.1,2,3.25,3.06,4.6,4.09,33,2.33,2.21,1.7,1.64,19,-0.25,1.77,1.72,2.22,2.13,2.33,2.99,3.73
I2,28/01/2019,Verona,Cosenza,2,2,D,1,0,H,13,8,5,2,15,12,7,7,2,4,0,0,1.9,3.1,4.5,1.9,3.1,4.5,1.9,3.2,4.1,1.97,3.14,4.67,1.91,3.1,4.5,1.95,3.2,4.4,36,2,1.92,3.4,3.15,4.67,4.26,35,2.25,2.11,1.78,1.71,17,-0.75,2.27,2.21,1.72,1.66,2.19,3.01,4.12
I2,02/02/2019,Carpi,Verona,1,1,D,1,0,H,11,15,4,8,17,11,1,5,3,2,0,0,3.5,3,2.25,3.4,3,2.3,3.3,3.05,2.2,3.55,3.09,2.31,3.4,3,2.25,3.4,3.1,2.3,35,3.55,3.36,3.2,3.05,2.31,2.23,32,2.25,2.14,1.73,1.68,17,0.25,1.95,1.88,1.98,1.92,3.35,3.05,2.47
I2,02/02/2019,Cosenza,Cittadella,2,0,H,0,0,D,19,8,8,4,16,14,8,2,1,2,0,0,2.6,2.87,3,2.55,2.9,3.1,2.55,2.9,2.9,2.79,2.83,3.08,2.55,3,2.88,2.7,2.9,3,35,2.79,2.62,3.05,2.87,3.1,2.94,32,2.5,2.37,1.62,1.56,19,0,1.85,1.8,2.1,2.01,2.95,2.77,3.03
I2,02/02/2019,Padova,Salernitana,0,0,D,0,0,D,8,8,2,1,19,21,4,4,4,5,0,0,2.3,3,3.4,2.4,3,3.2,2.3,3,3.25,2.42,2.98,3.45,2.3,2.9,3.4,2.3,3,3.5,35,2.42,2.33,3.15,2.98,3.5,3.27,32,2.45,2.35,1.65,1.57,19,0,1.68,1.63,2.4,2.28,2.19,3.06,4.03
I2,02/02/2019,Spezia,Cremonese,2,0,H,1,0,H,12,17,4,5,12,16,6,6,1,2,0,0,1.9,3.25,4.33,1.87,3,5.25,1.93,3.05,4.3,1.99,2.99,4.92,1.91,3,4.6,1.93,3.13,4.75,35,2,1.93,3.25,3.04,5.25,4.5,32,2.5,2.37,1.62,1.56,18,-0.25,1.7,1.64,2.35,2.25,1.93,3.04,5.41
I2,03/02/2019,Benevento,Venezia,3,0,H,0,0,D,19,12,7,2,12,12,6,3,3,3,0,1,1.75,3.25,5.25,1.75,3.25,5.5,1.77,3.35,4.65,1.81,3.34,5.23,1.78,3.25,5,1.8,3.3,5.2,32,1.83,1.78,3.55,3.3,5.5,4.9,30,2.3,2.19,1.72,1.65,18,-0.75,2.11,2.04,1.85,1.79,1.66,3.56,6.5
I2,03/02/2019,Crotone,Livorno,1,1,D,1,1,D,14,10,6,4,20,21,7,8,1,3,0,0,1.9,3.1,4.5,1.87,3.1,5,1.85,3.2,4.35,1.9,3.23,4.87,1.85,3.1,4.75,1.87,3.25,4.75,34,1.91,1.87,3.4,3.17,5,4.51,32,2.38,2.24,1.7,1.62,17,-0.75,2.22,2.16,1.75,1.68,2.22,2.9,4.22
I2,03/02/2019,Pescara,Brescia,1,5,A,0,3,A,22,14,8,7,12,18,9,2,3,2,0,0,2.5,3.2,2.87,2.4,3.1,3.1,2.4,3.1,2.9,2.55,3.08,3.13,2.45,3.25,2.8,2.5,3.13,3,34,2.55,2.44,3.3,3.09,3.13,2.96,32,2.11,1.99,1.85,1.79,19,0,1.8,1.74,2.17,2.1,2.89,3.18,2.7
I2,04/02/2019,Palermo,Foggia,0,0,D,0,0,D,28,12,6,3,18,12,10,3,3,1,0,0,1.8,3.3,4.75,1.75,3.3,5.5,1.77,3.35,4.65,1.85,3.2,5.29,1.78,3.2,5,1.8,3.3,5.25,34,1.86,1.79,3.55,3.24,5.5,4.87,33,2.15,2.07,1.8,1.73,18,-0.75,2.11,2.02,1.86,1.79,1.84,3.3,5.29
I2,08/02/2019,Salernitana,Benevento,0,1,A,0,0,D,10,13,2,5,8,16,9,6,2,2,0,0,3.6,3,2.2,3.5,3.1,2.2,3.5,3.05,2.15,3.78,3.05,2.28,3.6,3,2.2,3.7,3.1,2.2,35,3.78,3.53,3.25,3.03,2.3,2.2,33,2.4,2.26,1.67,1.61,19,0.25,2.01,1.94,1.92,1.87,3.59,2.9,2.45
I2,09/02/2019,Brescia,Carpi,3,1,H,2,1,H,18,5,4,2,10,12,3,7,1,2,0,0,1.44,3.8,9,1.42,4,9.25,1.45,4,7.5,1.45,3.95,9.36,1.44,3.8,9,1.45,4,8.5,35,1.5,1.44,4.3,3.96,9.36,8.06,33,2.05,1.97,1.89,1.81,21,-1,1.87,1.78,2.15,2.04,1.36,4.96,9.65
I2,09/02/2019,Cittadella,Spezia,0,1,A,0,0,D,8,18,0,7,21,9,2,7,7,2,1,0,2.1,3,4,2.2,2.95,3.75,2.15,3,3.55,2.27,3.01,3.79,2.2,3,3.6,2.2,3,3.8,35,2.27,2.19,3.15,2.98,4,3.61,32,2.55,2.41,1.6,1.54,19,-0.25,1.92,1.86,2.03,1.95,2.25,3.01,3.91
I2,09/02/2019,Cremonese,Padova,0,0,D,0,0,D,17,9,6,1,23,18,5,1,2,3,0,0,1.95,3.2,4.2,1.95,3,4.6,1.95,3.05,4.2,2,3,4.86,1.91,3,4.6,1.93,3.1,4.75,34,2,1.96,3.2,3.04,4.86,4.41,31,2.55,2.42,1.6,1.54,18,-0.5,2,1.94,1.94,1.87,1.95,3.1,5.02
I2,09/02/2019,Perugia,Palermo,1,2,A,0,1,A,19,12,7,4,16,22,9,4,3,2,0,0,2.5,2.9,3.1,2.45,3,3.1,2.35,3,3.05,2.47,3.01,3.34,2.35,3,3.2,2.45,3,3.2,34,2.5,2.41,3.15,2.97,3.34,3.12,32,2.35,2.2,1.7,1.64,20,0,1.75,1.67,2.29,2.2,2.64,2.86,3.3
I2,10/02/2019,Foggia,Pescara,1,1,D,1,0,H,14,16,4,3,9,14,2,8,3,1,0,0,2.2,3.1,3.5,2.2,3.1,3.5,2.15,3.2,3.3,2.22,3.24,3.6,2.15,3.1,3.5,2.2,3.25,3.5,34,2.22,2.17,3.4,3.17,3.7,3.4,32,2.05,1.95,1.9,1.82,18,-0.25,1.92,1.86,2.01,1.95,2.23,3.25,3.64
I2,10/02/2019,Livorno,Cosenza,2,0,H,0,0,D,13,15,4,2,18,12,2,8,4,2,0,1,2.15,2.87,4,2.15,2.85,4.1,2.2,2.95,3.55,2.25,2.95,3.91,2.15,3,3.75,2.25,2.9,3.8,34,2.35,2.2,3.05,2.92,4.1,3.67,32,2.65,2.51,1.55,1.5,18,-0.25,1.93,1.87,2.02,1.94,2.29,2.84,4.14
I2,10/02/2019,Verona,Crotone,1,1,D,0,0,D,20,6,7,3,14,11,9,2,3,4,0,1,2.15,3,3.75,2.1,3.1,3.8,2.05,3.15,3.6,2.17,3.17,3.83,2.1,3.1,3.7,2.15,3.13,3.75,34,2.17,2.1,3.3,3.1,3.85,3.66,33,2.25,2.15,1.75,1.67,18,-0.25,1.85,1.8,2.1,2.01,2.1,3.3,3.96
I2,11/02/2019,Venezia,Lecce,1,1,D,0,0,D,15,24,7,8,11,12,4,6,1,1,0,0,2.62,2.87,3,2.7,2.95,2.85,2.65,2.95,2.75,2.82,2.99,2.88,2.7,2.9,2.8,2.75,3,2.8,34,2.82,2.68,3.1,2.92,3,2.8,32,2.4,2.27,1.66,1.6,18,0,1.94,1.87,2.01,1.93,3.33,2.89,2.6
I2,15/02/2019,Palermo,Brescia,1,1,D,0,0,D,14,6,2,2,17,16,5,3,2,4,0,0,2.1,3.3,3.5,2.15,3.25,3.5,2.15,3.2,3.3,2.25,3.22,3.62,2.15,3.1,3.5,2.2,3.25,3.5,31,2.26,2.16,3.4,3.19,3.63,3.42,29,2,1.91,1.95,1.86,15,-0.25,1.91,1.86,2.01,1.95,2.16,3.24,3.84
I2,16/02/2019,Ascoli,Salernitana,2,4,A,1,3,A,18,8,6,6,18,12,4,8,4,4,1,0,2.15,3,3.8,2.2,3,3.7,2.15,3,3.5,2.24,3.07,3.76,2.15,3,3.7,2.2,3,3.8,31,2.25,2.18,3.15,3.02,3.8,3.58,28,2.45,2.32,1.65,1.58,15,-0.25,1.9,1.84,2.04,1.96,2.09,3.16,4.2
I2,16/02/2019,Benevento,Cittadella,1,0,H,1,0,H,11,8,7,1,10,23,2,4,4,4,0,0,1.83,3.4,4.5,1.87,3.3,4.5,1.8,3.3,4.45,1.86,3.35,4.89,1.8,3.3,4.75,1.83,3.3,5,30,1.9,1.83,3.45,3.3,5,4.55,28,2.2,2.12,1.75,1.68,14,-0.75,2.2,2.1,1.78,1.73,1.83,3.39,5.17
I2,16/02/2019,Carpi,Perugia,0,1,A,0,0,D,17,7,4,2,21,9,8,2,1,2,0,0,2.9,3.1,2.5,3.2,2.9,2.5,3.05,3,2.4,3.15,3.05,2.55,3,3,2.45,2.6,3.1,2.6,31,3.2,3.04,3.2,3,2.6,2.45,29,2.3,2.21,1.71,1.64,16,0,2.26,2.14,1.77,1.7,3.61,3.17,2.28
I2,16/02/2019,Padova,Foggia,1,1,D,0,1,A,12,7,3,4,22,15,5,8,2,1,0,0,2.3,3,3.4,2.4,3,3.2,2.3,3,3.2,2.42,3.01,3.43,2.3,3,3.3,2.38,3,3.4,31,2.42,2.32,3.15,2.99,3.49,3.29,29,2.35,2.22,1.7,1.63,16,0,1.67,1.62,2.37,2.29,2.66,2.85,3.3
I2,17/02/2019,Cosenza,Cremonese,2,0,H,0,0,D,12,6,6,2,8,17,6,1,4,2,1,1,2.25,3,3.5,2.25,2.9,3.7,2.25,2.85,3.45,2.42,2.83,3.7,2.35,2.75,3.5,2.38,2.88,3.6,30,2.42,2.31,3,2.83,3.75,3.51,28,2.8,2.6,1.52,1.47,14,0,1.66,1.57,2.6,2.4,2.48,2.76,3.77
I2,17/02/2019,Lecce,Livorno,3,2,H,0,2,A,16,9,7,6,7,20,6,3,3,4,0,2,1.8,3.3,4.75,1.83,3.3,4.75,1.8,3.2,4.6,1.85,3.22,5.22,1.78,3.2,5,1.8,3.3,5.2,30,1.9,1.82,3.4,3.22,5.22,4.75,28,2.25,2.15,1.75,1.67,14,-0.75,2.16,2.08,1.82,1.74,1.93,3.19,4.99
I2,17/02/2019,Spezia,Verona,1,2,A,1,1,D,12,14,3,7,15,20,5,2,2,3,0,0,2,3.2,4,2,3.1,4.25,1.9,3.25,4,1.94,3.31,4.46,1.91,3.2,4.2,1.95,3.25,4.33,30,2,1.94,3.45,3.21,4.46,4.1,28,2.25,2.16,1.75,1.66,13,-0.5,2.01,1.93,1.94,1.87,1.96,3.39,4.39
I2,18/02/2019,Crotone,Pescara,0,2,A,0,2,A,20,7,5,4,10,12,5,2,2,4,0,0,2.3,3,3.4,2.3,3,3.4,2.3,3,3.15,2.46,3.02,3.35,2.35,3,3.2,2.38,3.1,3.25,30,2.46,2.34,3.15,2.99,3.4,3.22,29,2.25,2.13,1.75,1.68,14,-0.25,2.06,2,1.88,1.81,2.28,3.21,3.56
I2,22/02/2019,Verona,Salernitana,1,0,H,0,0,D,12,12,2,1,22,20,7,7,3,6,1,1,1.75,3.4,5,1.85,3.2,4.75,1.8,3.3,4.5,1.87,3.24,5.27,1.8,3.2,5,1.83,3.4,4.8,35,1.89,1.83,3.5,3.26,5.27,4.68,34,2.16,2.07,1.85,1.74,18,-0.75,2.15,2.08,1.81,1.75,1.88,3.25,5.09
I2,23/02/2019,Brescia,Crotone,2,0,H,0,0,D,15,5,7,0,23,24,5,4,4,2,0,1,1.95,3.2,4.2,1.83,3.4,4.6,1.87,3.35,4,1.95,3.25,4.52,1.88,3.25,4.33,1.95,3.3,4.3,34,1.98,1.9,3.5,3.28,5,4.23,32,2.02,1.94,1.95,1.84,17,-0.75,2.27,2.19,1.75,1.68,1.9,3.38,4.7
I2,23/02/2019,Carpi,Spezia,3,2,H,1,0,H,13,13,8,7,17,10,7,12,2,2,0,0,3.8,3,2.15,3.7,3.1,2.15,3.6,3.15,2.05,3.8,3.16,2.18,3.75,3.1,2.1,3.9,3.1,2.1,34,3.9,3.66,3.3,3.12,2.18,2.12,31,2.35,2.2,1.7,1.64,17,0.25,2.09,2.01,1.86,1.81,4.25,3.47,1.96
I2,23/02/2019,Cittadella,Lecce,4,1,H,2,1,H,18,9,6,4,22,12,9,4,2,0,0,0,2.1,3,4,2.25,3,3.6,2.15,3.05,3.45,2.25,3.19,3.59,2.15,3.1,3.5,2.2,3.1,3.6,35,2.26,2.18,3.27,3.1,4,3.47,34,2.2,2.06,1.83,1.74,18,-0.25,1.93,1.87,2.01,1.94,2.55,2.98,3.3
I2,23/02/2019,Cremonese,Ascoli,0,1,A,0,0,D,8,12,0,4,14,13,7,1,2,3,1,0,1.95,3,4.5,2,2.9,4.6,1.95,3,4.3,2.03,2.97,4.77,1.95,3,4.5,1.95,3.1,4.75,34,2.04,1.97,3.15,3,4.77,4.42,31,2.65,2.5,1.56,1.5,17,-0.25,1.72,1.67,2.29,2.2,2.22,2.8,4.46
I2,23/02/2019,Foggia,Benevento,1,1,D,0,0,D,10,14,6,8,15,17,3,1,2,5,1,0,2.8,3,2.7,2.8,3,2.7,2.75,3.05,2.6,2.92,3.02,2.76,2.8,3,2.62,2.8,3.1,2.7,35,2.92,2.79,3.2,3.01,2.76,2.64,34,2.19,2.07,1.8,1.73,19,0,2.02,1.95,1.92,1.86,2.98,3.07,2.71
I2,23/02/2019,Perugia,Cosenza,0,1,A,0,1,A,7,5,1,2,13,11,5,5,1,2,0,1,1.9,3.1,4.6,1.85,3.1,5,1.87,3.1,4.45,1.97,3.02,4.98,1.88,3,4.8,1.9,3.1,5,35,1.97,1.89,3.25,3.08,5.2,4.65,32,2.55,2.42,1.6,1.53,18,-0.75,2.3,2.21,1.72,1.67,2.5,2.8,3.65
I2,23/02/2019,Pescara,Padova,2,0,H,2,0,H,16,19,6,3,23,15,8,9,1,4,0,0,1.9,3.25,4.33,1.8,3.25,5,1.85,3.2,4.45,1.93,3.11,5.02,1.85,3.1,4.8,1.87,3.25,4.75,35,1.93,1.87,3.4,3.16,5.02,4.62,33,2.3,2.2,1.71,1.65,18,-0.75,2.21,2.14,1.78,1.71,1.9,3.22,5.09
I2,24/02/2019,Livorno,Venezia,1,0,H,0,0,D,16,5,6,4,13,13,4,4,2,3,0,0,2.35,2.9,3.4,2.35,2.9,3.4,2.3,2.9,3.35,2.42,2.89,3.59,2.35,2.88,3.4,2.38,2.9,3.5,34,2.42,2.35,3.05,2.89,3.59,3.36,32,2.7,2.55,1.55,1.49,17,-0.25,2.04,1.97,1.9,1.84,2.4,2.8,3.89
I2,26/02/2019,Ascoli,Foggia,2,2,D,2,1,H,9,4,3,4,13,17,3,4,4,4,0,0,2.25,3.1,3.4,2.25,3.1,3.4,2.25,3.05,3.25,2.33,3.18,3.47,2.25,3.1,3.3,2.3,3.1,3.4,34,2.36,2.26,3.25,3.1,3.47,3.33,31,2.3,2.17,1.75,1.66,18,0,1.65,1.59,2.6,2.37,2.23,3.05,3.9
I2,26/02/2019,Benevento,Pescara,2,1,H,1,0,H,16,5,5,3,7,10,7,1,2,1,0,0,1.85,3.3,4.5,1.91,3.25,4.4,1.87,3.3,4,1.93,3.38,4.52,1.88,3.25,4.33,1.93,3.3,4.4,34,1.95,1.89,3.5,3.28,4.71,4.27,32,2.1,1.98,1.87,1.8,18,-0.75,2.25,2.18,1.74,1.68,1.98,3.25,4.5
I2,26/02/2019,Cosenza,Carpi,1,0,H,1,0,H,20,14,7,3,20,19,9,4,0,3,0,0,1.75,3.2,5.5,1.85,3,5.25,1.77,3.25,4.85,1.81,3.36,5.43,1.75,3.2,5.25,1.8,3.3,5.25,33,1.85,1.79,3.45,3.24,5.5,5.04,30,2.5,2.26,1.7,1.61,18,-0.75,2.14,2.06,1.85,1.76,1.85,3.26,5.37
I2,26/02/2019,Crotone,Palermo,3,0,H,1,0,H,11,14,5,7,17,24,1,8,1,3,0,0,3,3,2.45,2.9,3,2.6,2.85,3,2.55,3.06,3.06,2.66,2.9,3,2.55,3,3,2.6,34,3.09,2.92,3.15,2.99,2.66,2.55,31,2.42,2.3,1.65,1.59,18,0,2.12,2.04,1.83,1.78,2.87,3.06,2.81
I2,26/02/2019,Lecce,Verona,2,1,H,1,0,H,9,15,6,6,13,12,4,4,2,2,0,0,2.1,3.25,3.5,2.25,3.1,3.4,2.1,3.25,3.35,2.2,3.23,3.74,2.15,3.1,3.5,2.2,3.25,3.5,34,2.3,2.17,3.4,3.18,3.74,3.42,32,2.02,1.93,1.92,1.84,18,-0.25,1.9,1.85,2.04,1.96,2.13,3.14,4.09
I2,26/02/2019,Padova,Brescia,1,1,D,0,0,D,10,10,3,7,28,11,4,7,4,3,0,0,3.6,3.25,2.1,3.6,3.2,2.15,3.55,3.2,2.05,3.89,3.33,2.11,3.7,3.2,2.05,3.9,3.2,2.1,34,4,3.62,3.35,3.21,2.16,2.09,33,2.22,2.12,1.76,1.7,17,0.5,1.81,1.76,2.15,2.08,3.72,3.22,2.21
I2,26/02/2019,Salernitana,Cremonese,2,0,H,0,0,D,22,10,6,2,15,15,10,4,3,3,0,0,2.5,2.9,3.1,2.5,2.85,3.25,2.5,2.85,3.05,2.64,2.96,3.18,2.55,2.88,3,2.63,2.88,3.1,34,2.66,2.52,3,2.87,3.25,3.09,31,2.7,2.56,1.55,1.49,19,0,1.82,1.74,2.23,2.1,2.87,2.78,3.1
I2,27/02/2019,Spezia,Livorno,3,0,H,1,0,H,13,6,5,2,11,16,5,9,2,3,0,0,1.85,3.3,4.5,1.85,3.3,4.6,1.8,3.2,4.6,1.88,3.22,5.2,1.83,3.1,5,1.87,3.2,5,33,1.91,1.85,3.4,3.19,5.2,4.68,31,2.4,2.28,1.65,1.6,17,-0.75,2.23,2.14,1.77,1.7,2,3.24,4.44
I2,27/02/2019,Venezia,Perugia,2,3,A,1,3,A,14,17,4,7,9,15,4,5,3,2,0,0,2.5,3,3,2.55,3,3,2.55,2.95,2.85,2.73,2.97,3.05,2.62,2.88,2.9,2.63,3,3,33,2.73,2.59,3.1,2.94,3.05,2.91,31,2.45,2.32,1.65,1.58,18,0,1.85,1.81,2.07,2.01,3.05,2.78,2.92
I2,01/03/2019,Foggia,Cosenza,1,0,H,1,0,H,3,7,3,0,13,10,1,4,3,2,0,0,2.45,3,3.1,2.4,3,3.25,2.4,2.95,3.1,2.46,3.08,3.34,2.38,3,3.2,2.45,3,3.3,33,2.5,2.41,3.15,2.99,3.34,3.19,30,2.55,2.38,1.61,1.56,19,0,1.75,1.67,2.29,2.21,2.53,2.98,3.34
I2,02/03/2019,Brescia,Cittadella,0,1,A,0,1,A,12,17,3,7,8,26,2,5,3,4,0,0,1.8,3.2,5,1.85,3.25,4.75,1.8,3.35,4.5,1.87,3.32,5.05,1.8,3.25,4.8,1.83,3.3,5,34,1.87,1.82,3.55,3.29,5.1,4.68,33,2.16,2.08,1.8,1.72,18,-0.75,2.17,2.08,1.81,1.75,1.95,3.29,4.59
I2,02/03/2019,Carpi,Ascoli,1,1,D,0,1,A,13,16,6,3,21,17,5,3,2,3,0,1,2.8,3,2.7,2.75,3,2.75,2.7,3,2.65,2.85,2.99,2.89,2.75,2.9,2.75,2.75,3,2.8,34,2.85,2.74,3.15,2.96,2.89,2.75,31,2.35,2.24,1.7,1.62,19,0,2,1.89,1.98,1.92,2.82,2.82,3.1
I2,02/03/2019,Padova,Crotone,0,0,D,0,0,D,13,15,4,2,22,17,3,7,2,3,0,1,2.7,3,2.8,2.8,2.95,2.75,2.7,2.95,2.7,2.78,3.01,2.95,2.7,2.9,2.8,2.8,3,2.8,34,2.8,2.71,3.15,2.95,2.95,2.79,31,2.45,2.35,1.65,1.57,19,0,1.94,1.87,2.01,1.94,2.77,2.86,3.13
I2,02/03/2019,Palermo,Lecce,2,1,H,1,0,H,14,26,6,12,14,11,2,11,2,3,0,0,2.15,3.2,3.5,2.25,3.1,3.4,2.2,3.1,3.3,2.27,3.18,3.61,2.2,3,3.5,2.2,3.13,3.6,34,2.3,2.21,3.3,3.12,3.61,3.4,33,2.2,2.11,1.76,1.71,18,-0.25,1.95,1.88,2,1.93,2.13,3.18,4.02
I2,03/03/2019,Perugia,Salernitana,3,1,H,2,1,H,18,14,8,6,19,19,7,3,4,4,1,0,2.1,2.87,4.2,2.1,2.95,4.1,2,3.05,3.85,2.12,3.03,4.35,2,3,4.2,2.05,3.1,4.1,33,2.13,2.06,3.25,3,4.35,3.97,31,2.4,2.28,1.67,1.6,17,-0.25,1.8,1.75,2.15,2.08,2.09,3,4.55
I2,03/03/2019,Pescara,Spezia,2,0,H,1,0,H,11,11,3,3,16,11,4,6,3,2,0,1,2.15,3.1,3.6,2.25,3.1,3.4,2.2,3.1,3.3,2.35,3.05,3.61,2.2,3.25,3.2,2.25,3.13,3.5,33,2.35,2.23,3.25,3.06,3.7,3.4,32,2.15,2.05,1.81,1.75,17,-0.25,1.97,1.91,1.96,1.9,2.89,3.14,2.73
I2,03/03/2019,Verona,Venezia,1,0,H,1,0,H,14,12,6,2,11,8,9,2,2,2,0,0,1.85,3.3,4.5,1.87,3.2,4.75,1.85,3.2,4.4,1.88,3.19,5.27,1.83,3.1,5,1.85,3.25,5,33,1.95,1.85,3.4,3.19,5.27,4.65,31,2.35,2.24,1.7,1.62,17,-0.75,2.2,2.13,1.76,1.71,1.85,3.39,5.05
I2,04/03/2019,Livorno,Benevento,2,0,H,2,0,H,9,5,4,3,24,22,2,2,1,4,0,1,3.1,3,2.45,3,3,2.55,2.9,3,2.5,3.17,2.95,2.66,3,2.88,2.55,3.1,3,2.55,32,3.17,3.01,3.1,2.95,2.66,2.51,30,2.37,2.27,1.66,1.6,17,0.25,1.77,1.71,2.21,2.13,3.08,2.92,2.75
I2,08/03/2019,Perugia,Verona,1,2,A,0,0,D,10,9,3,4,11,18,5,10,3,3,0,0,2.4,2.9,3.25,2.4,3,3.2,2.35,2.9,3.2,2.44,3.08,3.39,2.5,2.9,3.1,2.45,2.9,3.3,33,2.5,2.38,3.08,2.95,3.51,3.25,33,2.07,2,1.85,1.79,19,-0.25,2.07,2,1.9,1.82,2.23,3.03,3.96
I2,09/03/2019,Cittadella,Pescara,4,1,H,3,1,H,21,10,8,4,21,16,5,4,4,3,0,0,2,3.1,4.2,2.05,3.1,4,2,3.25,3.6,2.09,3.26,4.03,2.1,2.9,4,2.1,3.3,3.75,34,2.12,2.07,3.5,3.17,4.2,3.73,32,2,1.9,1.97,1.88,19,-0.25,1.81,1.76,2.16,2.07,1.86,3.47,4.8
I2,09/03/2019,Cosenza,Brescia,2,3,A,2,0,H,8,12,4,5,17,17,4,4,3,1,0,0,3,3,2.55,2.95,3,2.55,2.8,3.05,2.55,3.04,2.95,2.75,2.8,3,2.62,2.88,3.1,2.63,34,3.04,2.86,3.25,3.02,2.75,2.59,33,2.19,2.06,1.81,1.75,19,0.25,1.75,1.67,2.29,2.21,2.76,2.97,3.02
I2,09/03/2019,Lecce,Foggia,1,0,H,0,0,D,14,5,6,1,11,19,6,3,2,5,0,1,1.85,3.3,4.5,1.8,3.4,4.75,1.77,3.5,4.25,1.84,3.52,4.84,1.78,3.4,4.6,1.8,3.5,4.75,34,1.87,1.82,3.75,3.45,4.84,4.44,32,1.88,1.82,2.06,1.97,19,-0.75,2.12,2.05,1.85,1.78,1.78,3.64,5.06
I2,09/03/2019,Spezia,Padova,0,2,A,0,1,A,17,9,5,3,10,15,11,2,2,3,0,0,1.72,3.4,5.25,1.67,3.4,6,1.7,3.4,5.1,1.76,3.25,6.28,1.67,3.25,6,1.7,3.4,6,34,1.76,1.71,3.5,3.31,6.28,5.49,32,2.3,2.17,1.73,1.67,19,-0.75,2,1.93,1.95,1.89,1.76,3.3,6.1
I2,10/03/2019,Ascoli,Livorno,1,1,D,1,1,D,15,8,4,2,18,23,11,3,4,4,0,0,2.1,3.1,3.75,2.25,3,3.5,2.15,3.05,3.45,2.29,3,3.81,2.2,3,3.6,2.2,3.1,3.7,33,2.3,2.21,3.25,3.01,3.81,3.54,30,2.35,2.24,1.7,1.62,18,-0.25,1.95,1.87,2.03,1.95,2.58,2.93,3.31
I2,10/03/2019,Cremonese,Benevento,1,0,H,0,0,D,7,10,2,0,18,13,1,3,5,1,1,0,3.25,2.87,2.45,3,2.95,2.55,2.95,2.95,2.45,3.19,2.99,2.61,3.1,2.88,2.5,3,3,2.55,33,3.25,3.01,3.1,2.94,2.61,2.51,30,2.43,2.32,1.65,1.58,18,0,2.16,2.09,1.81,1.75,2.98,2.85,2.91
I2,10/03/2019,Salernitana,Crotone,0,2,A,0,1,A,6,4,3,4,15,20,11,1,1,2,0,0,2.5,3,3,2.55,2.95,3,2.5,3,2.85,2.69,3.02,3.06,2.6,2.9,2.9,2.63,3,3,32,2.69,2.56,3.15,2.96,3.06,2.92,29,2.35,2.26,1.7,1.62,18,0,1.85,1.8,2.1,2.04,2.85,2.96,2.93
I2,11/03/2019,Venezia,Palermo,1,1,D,1,0,H,6,6,2,4,15,21,1,3,1,1,0,0,3,3.1,2.45,3.1,3,2.5,2.9,3,2.45,3.1,3.05,2.63,3.1,2.9,2.5,3.2,3,2.45,33,3.2,3,3.15,2.98,2.63,2.49,30,2.35,2.27,1.67,1.61,18,0.25,1.8,1.73,2.21,2.1,3.71,3.08,2.28
I2,15/03/2019,Pescara,Cosenza,1,1,D,0,0,D,6,8,3,2,19,16,1,5,4,1,0,0,2.37,3,3.3,2.3,3.1,3.3,2.35,3.05,3.05,2.44,3.12,3.33,2.35,3,3.2,2.4,3.1,3.25,35,2.44,2.35,3.3,3.06,3.35,3.16,34,2.25,2.18,1.75,1.66,19,-0.25,2.09,2.01,1.87,1.8,2.51,3.14,3.19
I2,16/03/2019,Benevento,Spezia,2,3,A,1,1,D,18,9,9,3,18,16,10,5,4,4,1,0,2,3.2,4,2,2.95,4.5,2,3.1,3.95,2.1,2.94,4.6,2.05,3.25,3.6,2.1,2.88,4.33,35,2.1,2.03,3.25,3.02,4.6,4.06,33,2.25,2.14,1.75,1.68,19,-0.25,1.77,1.71,2.22,2.12,2.1,3.06,4.34
I2,16/03/2019,Foggia,Cittadella,1,1,D,0,0,D,14,17,5,6,9,17,5,8,3,2,0,0,2.62,3.1,2.75,2.75,2.95,2.8,2.65,3.05,2.65,2.93,3,2.81,2.75,3,2.7,2.75,3.1,2.75,35,2.93,2.73,3.25,2.98,2.81,2.7,33,2.12,2.03,1.85,1.76,18,0,1.99,1.92,1.97,1.89,2.81,3.02,2.9
I2,16/03/2019,Livorno,Salernitana,1,0,H,1,0,H,12,24,3,5,17,12,8,5,4,2,0,0,2.15,3.1,3.6,2.2,3,3.7,2.15,3.1,3.45,2.24,3.06,3.87,2.15,3.1,3.6,2.2,3.1,3.7,34,2.3,2.18,3.22,3.05,3.87,3.53,30,2.3,2.21,1.7,1.64,18,-0.5,2.25,2.17,1.75,1.69,2.11,3.2,4.08
I2,16/03/2019,Padova,Perugia,0,1,A,0,1,A,15,11,1,4,14,14,7,1,2,5,0,0,2.62,3,2.87,2.7,2.9,2.9,2.55,2.95,2.85,2.74,2.95,3.07,2.62,2.88,2.9,2.63,3,3,35,2.74,2.62,3.15,2.91,3.07,2.88,31,2.35,2.27,1.67,1.6,19,-0.25,2.29,2.22,1.7,1.65,2.76,2.93,3.06
I2,16/03/2019,Verona,Ascoli,1,1,D,1,1,D,7,7,2,4,21,14,8,3,3,3,1,0,1.8,3.4,4.75,1.8,3.3,5,1.77,3.35,4.6,1.81,3.36,5.43,1.73,3.3,5.25,1.8,3.4,5,34,1.85,1.78,3.5,3.31,5.43,4.78,33,2.15,2.04,1.81,1.75,18,-0.75,2.1,2.03,1.85,1.79,1.88,3.31,4.96
I2,17/03/2019,Crotone,Lecce,2,2,D,1,2,A,8,12,5,5,16,12,9,2,1,2,0,0,2.45,3.1,3,2.55,3,2.95,2.5,3.1,2.8,2.64,3.06,3.07,2.55,3,2.9,2.55,3.1,3,33,2.65,2.53,3.3,3.02,3.07,2.89,32,2.15,2.06,1.81,1.74,18,0,1.85,1.79,2.12,2.04,2.65,3.19,2.95
I2,17/03/2019,Palermo,Carpi,4,1,H,2,0,H,20,6,12,2,15,22,7,1,2,6,0,2,1.36,4.75,9,1.36,4.6,9,1.37,4.4,8.2,1.4,4.38,9.92,1.35,4.4,9.5,1.36,4.75,10,34,1.41,1.36,4.9,4.42,10,8.83,32,1.88,1.81,2.06,1.97,19,-1.5,2.28,2.16,1.8,1.69,1.47,4.11,8.68
I2,17/03/2019,Venezia,Cremonese,1,1,D,1,1,D,6,10,1,3,17,19,3,3,3,0,0,0,2.6,3,2.9,2.65,3,2.9,2.6,2.9,2.8,2.74,2.96,3.06,2.62,2.88,2.9,2.7,2.9,3,32,2.74,2.62,3,2.9,3.06,2.88,29,2.55,2.43,1.58,1.53,17,0,1.89,1.82,2.06,1.99,2.96,2.76,3.02
I2,23/03/2019,Lecce,Ascoli,7,0,H,5,0,H,16,7,9,4,10,10,4,1,2,1,0,0,1.8,3.2,4.5,,,,1.73,3.35,4.9,,,,1.75,3.25,5.25,1.83,3.3,5,21,1.86,1.79,3.41,3.27,5.3,4.64,17,2.11,2.03,1.82,1.74,8,-0.5,1.84,1.79,2.12,2.01,1.78,3.35,5.68
I2,29/03/2019,Cremonese,Verona,1,1,D,1,1,D,5,2,4,2,20,14,5,3,4,2,0,0,2.4,3,3.2,2.5,2.95,3.1,2.5,2.9,3,2.68,2.94,3.15,2.55,2.88,3,2.6,2.9,3.13,34,2.68,2.52,3.05,2.9,3.2,3.05,27,2.7,2.51,1.55,1.5,18,-0.25,2.23,2.14,1.75,1.71,2.68,2.85,3.27
I2,30/03/2019,Ascoli,Benevento,2,2,D,2,0,H,6,7,2,3,23,27,3,3,7,6,0,2,2.9,3.1,2.5,2.95,3,2.6,2.9,2.95,2.5,3.17,2.98,2.63,3,2.9,2.55,3.1,2.9,2.6,34,3.17,2.97,3.15,2.96,2.65,2.53,30,2.5,2.34,1.62,1.57,18,0.25,1.78,1.71,2.25,2.14,3.57,3.21,2.27
I2,30/03/2019,Brescia,Foggia,2,1,H,1,1,D,20,18,5,5,10,14,5,5,3,3,0,0,1.66,3.6,5.25,1.72,3.6,5,1.7,3.7,4.6,1.73,3.62,5.53,1.67,3.6,5.25,1.67,3.7,5.4,34,1.75,1.7,3.95,3.6,5.53,4.91,32,1.86,1.79,2.1,2,18,-0.75,1.97,1.91,1.98,1.91,1.71,3.68,5.55
I2,30/03/2019,Carpi,Crotone,1,2,A,0,1,A,14,8,7,3,12,14,9,5,1,1,1,0,3.1,3,2.45,3.1,3,2.5,2.95,2.95,2.5,3.08,3.05,2.64,3,2.9,2.55,3.1,2.9,2.6,34,3.1,2.98,3.15,2.97,2.64,2.52,30,2.4,2.29,1.65,1.59,19,0,2.15,2.07,1.83,1.77,3.02,3.11,2.65
I2,30/03/2019,Cittadella,Padova,1,1,D,0,0,D,13,8,3,4,18,11,9,3,2,4,0,1,1.75,3.25,5.5,1.75,3.4,5.25,1.7,3.45,4.9,1.73,3.48,5.84,1.7,3.3,5.5,1.73,3.5,5.75,34,1.8,1.72,3.7,3.41,5.84,5.21,33,2.25,2.12,1.85,1.7,18,-0.75,2,1.94,1.94,1.88,1.75,3.45,5.79
I2,30/03/2019,Cosenza,Palermo,1,1,D,1,1,D,12,6,4,2,14,23,3,1,2,7,0,1,2.6,3.1,2.8,2.75,2.95,2.8,2.7,2.9,2.75,2.84,2.9,3,2.75,2.8,2.88,2.8,2.9,2.9,33,2.85,2.72,3.1,2.91,3,2.81,29,2.6,2.45,1.57,1.52,18,0,1.95,1.87,2.01,1.94,2.7,2.94,3.12
I2,30/03/2019,Perugia,Livorno,3,1,H,1,0,H,16,9,9,2,18,17,5,4,3,2,0,0,2.05,3.2,3.8,2.1,3,3.9,2.05,3.1,3.7,2.09,3.16,4.2,2.05,3,4,2.1,3.13,4,34,2.2,2.06,3.28,3.09,4.2,3.83,32,2.3,2.16,1.72,1.67,18,-0.25,1.85,1.76,2.16,2.07,2,3.24,4.47
I2,30/03/2019,Salernitana,Venezia,1,1,D,0,1,A,22,6,8,2,19,18,6,1,3,2,0,0,2.15,3,3.8,2.25,3,3.5,2.15,3,3.5,2.23,3.07,3.88,2.1,3.1,3.7,2.2,3.1,3.8,34,2.3,2.18,3.2,3.03,3.88,3.57,30,2.5,2.37,1.62,1.56,18,-0.25,1.95,1.85,2.04,1.97,2.32,2.86,3.98
I2,31/03/2019,Lecce,Pescara,2,0,H,2,0,H,13,4,6,2,18,20,6,3,1,2,0,1,1.9,3.1,4.5,1.95,3.25,4.2,1.87,3.45,3.9,1.95,3.42,4.38,1.88,3.3,4.2,1.91,3.4,4.3,34,1.96,1.92,3.65,3.34,4.5,4.03,32,1.95,1.87,1.99,1.9,16,-0.75,2.28,2.21,1.75,1.67,1.8,3.78,4.66
I2,02/04/2019,Benevento,Carpi,3,1,H,2,1,H,13,10,3,2,12,17,5,5,1,1,0,0,1.5,3.8,7.5,1.45,4.1,7.75,1.5,3.85,6.5,1.52,3.99,7.63,1.47,3.8,8,1.5,3.9,8,34,1.55,1.49,4.2,3.88,8,7.13,33,2.2,2.04,1.84,1.76,18,-1,1.95,1.88,2.04,1.95,1.45,4.48,7.8
I2,02/04/2019,Crotone,Perugia,2,0,H,1,0,H,5,8,3,2,14,15,6,5,2,1,0,0,2.45,3,3.1,2.4,3,3.2,2.35,3.1,3,2.53,3.01,3.3,2.4,3,3.1,2.45,3.1,3.13,34,2.58,2.42,3.17,3.01,3.3,3.09,33,2.22,2.13,1.75,1.69,19,0,1.75,1.7,2.25,2.16,2.47,3.06,3.33
I2,02/04/2019,Livorno,Cremonese,1,3,A,0,1,A,14,14,7,8,15,10,7,4,3,4,0,0,2.3,2.9,3.5,2.35,2.95,3.4,2.35,2.95,3.2,2.45,2.94,3.53,2.35,2.88,3.4,2.4,2.88,3.5,34,2.47,2.36,3.15,2.89,3.53,3.35,30,2.65,2.5,1.55,1.5,19,0,1.7,1.63,2.37,2.29,2.39,2.84,3.84
I2,02/04/2019,Padova,Ascoli,1,2,A,1,1,D,18,9,4,2,5,16,2,4,0,0,0,0,2.1,3.1,3.8,2.1,3.1,3.8,2.1,3.1,3.6,2.14,3.17,4.01,2.1,3,3.8,2.15,3.1,3.8,34,2.2,2.12,3.3,3.09,4.01,3.67,30,2.35,2.24,1.7,1.62,18,-0.25,1.86,1.8,2.11,2.03,2.18,3.13,3.93
I2,02/04/2019,Spezia,Salernitana,2,1,H,0,1,A,15,6,3,1,10,14,1,6,1,2,0,0,1.7,3.5,5.25,1.75,3.6,4.75,1.73,3.5,4.65,1.72,3.69,5.41,1.7,3.4,5.25,1.73,3.5,5.4,34,1.85,1.74,3.75,3.48,5.41,4.87,33,2.12,2.02,1.87,1.77,18,-0.75,2.1,1.95,1.95,1.87,1.66,3.87,5.65
I2,02/04/2019,Venezia,Cittadella,1,1,D,0,0,D,3,12,1,3,18,16,6,6,1,1,0,0,2.9,3,2.6,2.85,3,2.65,2.8,2.95,2.6,3.04,2.92,2.79,2.8,3.1,2.6,3,2.9,2.7,34,3.04,2.86,3.1,2.93,2.8,2.64,30,2.45,2.33,1.65,1.57,19,0,2.05,1.98,1.9,1.84,3.13,2.92,2.71
I2,02/04/2019,Verona,Brescia,2,2,D,1,2,A,17,13,5,8,10,17,5,6,2,3,0,0,2.37,3,3.25,2.45,3.25,2.9,2.35,3.2,2.9,2.51,3.21,3.11,2.4,3.1,3,2.45,3.2,3,34,2.53,2.42,3.45,3.15,3.25,2.95,32,2,1.91,1.95,1.87,19,0,1.77,1.73,2.2,2.11,2.77,3.15,2.85
I2,03/04/2019,Lecce,Cosenza,3,1,H,1,1,D,13,12,6,5,8,11,5,3,0,0,0,0,1.85,3.3,4.5,1.91,3.25,4.33,1.85,3.3,4.2,1.93,3.33,4.65,1.85,3.2,4.6,1.9,3.2,4.75,33,1.95,1.87,3.5,3.25,4.75,4.35,32,2.25,2.14,1.75,1.68,16,-0.75,2.25,2.16,1.76,1.69,1.89,3.36,4.8
I2,03/04/2019,Pescara,Palermo,3,2,H,1,2,A,10,13,5,10,12,17,4,11,3,2,0,0,2.62,3,2.87,2.65,3.1,2.75,2.55,3.1,2.75,2.73,3.04,2.98,2.6,3,2.88,2.63,3.1,2.9,33,2.73,2.59,3.3,3.04,3,2.81,32,2.2,2.08,1.8,1.72,17,0,1.9,1.82,2.06,2,2.47,3.01,3.42
I2,05/04/2019,Brescia,Venezia,2,0,H,1,0,H,10,9,3,1,23,16,6,11,2,3,0,0,1.5,3.8,7.5,1.5,4,6.75,1.5,4,6.1,1.51,4.21,7.11,1.47,4,7,1.5,4.1,7.5,34,1.55,1.49,4.28,4,8,6.63,31,1.94,1.87,2,1.91,19,-1,1.93,1.86,2.05,1.96,1.49,4.31,7.38
I2,06/04/2019,Carpi,Padova,2,1,H,1,1,D,13,14,3,8,15,19,4,8,2,3,0,0,2.75,3,2.75,2.7,2.85,2.75,2.65,2.95,2.75,2.85,2.91,2.98,2.7,2.9,2.8,2.75,3,2.88,33,2.85,2.72,3.1,2.92,2.98,2.79,28,2.55,2.37,1.62,1.56,17,-0.25,2.37,2.29,1.69,1.63,2.9,3.11,2.75
I2,06/04/2019,Cittadella,Livorno,4,0,H,1,0,H,16,5,7,0,13,14,2,0,1,3,0,1,1.75,3.4,5,1.75,3.3,4.75,1.77,3.35,4.55,1.81,3.31,5.52,1.78,3.25,5,1.8,3.4,5,34,1.85,1.79,3.55,3.29,5.52,4.83,31,2.25,2.14,1.75,1.69,18,-0.75,2.12,2.05,1.85,1.78,1.86,3.32,5.08
I2,06/04/2019,Foggia,Spezia,1,0,H,0,0,D,18,6,5,2,11,14,8,5,2,4,0,0,2.3,3.1,3.2,2.55,3,2.8,2.4,3.15,2.85,2.56,3.14,3.1,2.45,3,3,2.5,3.13,3,34,2.56,2.46,3.35,3.09,3.2,2.95,32,2.07,1.99,1.86,1.79,18,-0.25,2.2,2.12,1.8,1.72,2.36,3.22,3.38
I2,06/04/2019,Perugia,Benevento,2,4,A,2,3,A,14,15,5,6,15,17,3,8,1,4,0,0,2.37,2.87,3.4,2.3,2.85,3.4,2.35,3.05,3.1,2.51,2.98,3.36,2.38,3,3.2,2.45,3,3.25,33,2.51,2.39,3.1,2.96,3.4,3.21,30,2.25,2.16,1.76,1.68,18,-0.25,2.13,2.04,1.85,1.79,2.38,3.07,3.52
I2,07/04/2019,Ascoli,Pescara,2,1,H,1,1,D,15,8,3,3,13,12,6,2,3,0,0,0,2.87,3.1,2.55,2.85,3,2.55,2.75,3.1,2.5,3,3.04,2.72,2.88,3,2.6,2.88,3.1,2.63,33,3,2.83,3.3,3.06,2.72,2.57,30,2.15,2.05,1.82,1.74,16,0.25,1.75,1.68,2.28,2.19,2.55,3.1,3.16
I2,07/04/2019,Cosenza,Crotone,1,0,H,1,0,H,11,3,5,1,15,16,5,7,2,3,1,1,2.2,3,3.6,2.2,2.85,3.6,2.2,2.95,3.5,2.41,2.8,3.87,2.25,2.8,3.7,2.3,2.9,3.7,33,2.41,2.25,3.15,2.87,3.87,3.58,29,2.7,2.52,1.55,1.49,17,-0.25,1.99,1.91,1.98,1.9,2.42,2.8,3.83
I2,07/04/2019,Cremonese,Lecce,2,0,H,0,0,D,11,8,5,1,18,6,5,6,2,2,0,1,2.87,3,2.62,2.85,2.9,2.6,2.8,2.95,2.6,3.1,2.88,2.77,2.9,2.88,2.62,2.9,3,2.63,33,3.1,2.87,3.15,2.92,2.77,2.62,29,2.45,2.31,1.65,1.58,16,0.25,1.7,1.65,2.31,2.22,3.01,2.85,2.87
I2,08/04/2019,Palermo,Verona,1,0,H,0,0,D,20,6,6,2,21,16,5,4,3,4,1,0,1.95,3.2,4.2,1.95,3.1,4.1,2,3.15,3.75,2.15,3.07,4.13,2,3.1,4,2,3.2,4.2,33,2.15,2.03,3.4,3.11,4.2,3.89,29,2.25,2.14,1.75,1.68,16,-0.25,1.81,1.75,2.17,2.08,1.97,3.48,4.19
I2,12/04/2019,Pescara,Perugia,1,1,D,1,0,H,15,7,3,2,18,15,5,6,4,2,0,1,2.62,3.3,2.62,2.7,2.9,2.8,2.65,3.15,2.6,2.8,3.18,2.78,2.7,3,2.7,2.8,3.13,2.7,35,2.8,2.67,3.3,3.1,2.85,2.68,34,2.05,1.97,1.9,1.81,19,0,1.99,1.92,1.96,1.9,2.95,3.19,2.65
I2,13/04/2019,Crotone,Cremonese,0,0,D,0,0,D,9,8,2,4,18,12,6,5,2,3,0,0,2.2,3,3.6,2.3,3,3.4,2.25,3,3.35,2.29,3.15,3.6,2.2,3,3.5,2.25,3,3.7,35,2.35,2.25,3.2,3.03,3.7,3.42,31,2.52,2.38,1.6,1.55,18,-0.25,2,1.9,1.99,1.91,2.06,3.13,4.41
I2,13/04/2019,Lecce,Carpi,4,1,H,0,0,D,26,9,11,4,9,10,7,4,3,2,1,0,1.44,4.2,7.5,1.42,4.25,8.5,1.45,4.15,6.8,1.44,4.24,9.12,1.4,4.2,8.5,1.44,4.2,8.5,35,1.49,1.43,4.5,4.18,9.12,7.72,33,1.91,1.83,2.05,1.95,19,-1,1.8,1.73,2.22,2.11,1.36,5.04,9.2
I2,13/04/2019,Salernitana,Cittadella,4,2,H,1,2,A,15,10,7,6,14,13,8,6,3,2,0,0,2.9,3.1,2.5,2.9,3.1,2.55,2.75,3.05,2.55,2.92,3.09,2.75,2.8,3,2.62,2.88,3,2.7,35,2.95,2.82,3.25,3.04,2.75,2.59,34,2.25,2.14,1.75,1.68,18,0,2.06,1.98,1.9,1.84,2.98,3.05,2.72
I2,13/04/2019,Venezia,Foggia,1,0,H,1,0,H,7,22,1,8,19,9,2,8,3,2,0,0,2.5,3,3,2.5,3.1,3,2.45,3.1,2.85,2.53,3.14,3.15,2.45,3,3,2.5,3.13,3,35,2.55,2.45,3.3,3.09,3.15,2.97,34,2.15,2.07,1.82,1.73,19,0,1.8,1.73,2.2,2.12,2.67,3.04,3.05
I2,14/04/2019,Benevento,Palermo,1,2,A,0,1,A,17,16,8,6,21,28,8,4,2,5,0,0,2.1,3.1,3.75,2.25,3.1,3.4,2.15,3.2,3.3,2.26,3.15,3.68,2.2,3.1,3.4,2.15,3.2,3.7,34,2.27,2.19,3.4,3.15,3.75,3.38,33,2.11,2.01,1.85,1.77,17,-0.25,1.92,1.86,2.04,1.96,2.3,3.26,3.44
I2,14/04/2019,Padova,Cosenza,0,0,D,0,0,D,15,16,4,5,21,11,3,7,2,1,0,0,2.37,3,3.25,2.5,2.9,3.2,2.35,2.9,3.2,2.49,2.86,3.58,2.35,2.88,3.4,2.45,2.9,3.4,34,2.5,2.39,3.1,2.9,3.58,3.27,31,2.65,2.47,1.56,1.51,17,0,1.7,1.64,2.37,2.26,2.66,2.99,3.13
I2,14/04/2019,Spezia,Ascoli,3,2,H,0,2,A,19,9,9,5,17,14,4,2,2,2,0,2,1.72,3.3,5.5,1.8,3.4,4.75,1.73,3.5,4.65,1.8,3.39,5.43,1.73,3.3,5.25,1.75,3.4,5.4,34,1.8,1.75,3.75,3.4,5.5,4.87,33,2.11,2.02,1.85,1.77,17,-0.75,2.05,1.99,1.9,1.83,1.75,3.58,5.44
I2,15/04/2019,Livorno,Brescia,0,1,A,0,0,D,12,9,3,4,22,17,6,2,2,4,0,0,3.6,3.2,2.1,3.5,3.25,2.15,3.35,3.2,2.1,3.7,3.2,2.23,3.5,3.1,2.15,3.6,3.25,2.15,34,3.8,3.44,3.45,3.18,2.25,2.14,32,2,1.92,1.95,1.85,17,0.25,2.03,1.96,1.9,1.85,3.45,3.26,2.3
I2,22/04/2019,Ascoli,Venezia,1,0,H,1,0,H,12,14,5,4,9,16,3,3,2,3,0,0,2,2.9,4.5,2.05,2.9,4,2.05,3.1,3.7,2.15,3.16,3.99,2.1,3,3.9,2.1,3.1,4,31,2.15,2.07,3.3,3.06,4.5,3.75,28,2.35,2.22,1.7,1.62,16,-0.25,1.85,1.77,2.13,2.05,2.25,2.94,4.05
I2,22/04/2019,Brescia,Salernitana,3,0,H,2,0,H,12,15,3,6,13,14,5,8,2,1,0,0,1.45,4.2,7.5,1.48,3.9,6.75,1.46,4.15,6.3,1.49,4.3,7.35,1.44,4.2,7.5,1.45,4.2,8,31,1.51,1.46,4.55,4.15,8,6.72,31,1.81,1.74,2.16,2.05,17,-1,1.85,1.78,2.12,2.04,1.49,4.27,7.59
I2,22/04/2019,Carpi,Pescara,0,0,D,0,0,D,16,10,6,4,19,9,5,6,2,3,0,0,3.1,3,2.45,3,3,2.4,2.9,3.2,2.4,3.2,3.15,2.49,3.1,3.1,2.38,3,3.2,2.45,31,3.2,2.96,3.4,3.1,2.5,2.4,29,2.02,1.93,1.92,1.84,17,0.25,1.82,1.76,2.15,2.06,3.08,3.36,2.44
I2,22/04/2019,Cittadella,Cremonese,1,3,A,0,2,A,11,9,3,7,13,16,7,4,4,2,0,0,1.8,3.3,4.75,1.8,3.2,4.75,1.8,3.25,4.55,1.86,3.39,4.94,1.8,3.25,4.8,1.83,3.3,5,30,1.87,1.82,3.47,3.23,5,4.61,28,2.31,2.22,1.69,1.63,15,-0.75,2.16,2.09,1.79,1.73,2.07,3.08,4.45
I2,22/04/2019,Cosenza,Spezia,1,0,H,0,0,D,23,9,8,3,20,7,9,5,3,2,0,1,2.4,2.9,3.3,2.4,2.85,3.2,2.35,3,3.1,2.49,2.98,3.4,2.45,3,3,2.4,3,3.3,31,2.5,2.39,3.2,2.95,3.4,3.14,28,2.31,2.21,1.7,1.63,17,-0.25,2.1,2.02,1.85,1.79,2.7,2.86,3.22
I2,22/04/2019,Foggia,Livorno,2,2,D,2,0,H,17,14,8,5,14,15,5,5,3,5,1,0,1.9,3.1,4.5,1.91,3.1,4.25,1.93,3.25,3.95,1.99,3.3,4.42,1.91,3.2,4.2,1.95,3.2,4.4,30,2,1.94,3.43,3.18,4.5,4.06,28,2.2,2.11,1.75,1.69,15,-0.25,1.73,1.67,2.28,2.18,1.97,3.37,4.34
I2,22/04/2019,Palermo,Padova,1,1,D,1,1,D,14,10,6,3,17,14,12,1,3,3,0,0,1.45,4,8,1.5,3.9,6.5,1.47,3.9,6.8,1.48,3.95,9.01,1.44,3.8,8.5,1.45,4,9,31,1.55,1.47,4.25,3.87,9.01,7.45,30,2.12,2.03,1.81,1.75,17,-1,1.9,1.83,2.07,1.99,1.52,4.04,7.54
I2,22/04/2019,Perugia,Lecce,1,2,A,1,1,D,6,8,3,5,21,8,10,3,3,1,0,0,2.4,3.25,2.9,2.5,3.1,2.8,2.4,3.3,2.8,2.52,3.35,2.98,2.45,3.2,2.88,2.5,3.25,2.9,31,2.52,2.42,3.5,3.23,2.98,2.83,28,1.9,1.8,2.05,1.97,16,-0.25,2.16,2.09,1.81,1.73,2.21,3.48,3.42
I2,22/04/2019,Verona,Benevento,0,3,A,0,1,A,18,11,3,4,17,22,10,2,2,2,0,0,2.4,3.1,3.1,2.4,3,3,2.4,3.15,2.9,2.52,3.15,3.15,2.45,3,3,2.45,3.13,3.1,32,2.52,2.41,3.35,3.09,3.15,2.97,31,2.06,1.97,1.9,1.8,17,-0.25,2.15,2.07,1.82,1.76,2.45,3.21,3.21
I2,26/04/2019,Benevento,Cosenza,4,2,H,2,2,D,16,8,10,7,17,14,5,4,2,2,0,0,1.83,3.25,4.5,1.91,3.1,4.2,1.87,3.35,4.05,1.92,3.45,4.51,1.85,3.25,4.5,1.87,3.3,4.75,34,1.95,1.89,3.55,3.3,4.75,4.21,33,2.15,2.05,1.82,1.75,17,-0.75,2.25,2.17,1.76,1.7,1.98,3.29,4.47
I2,27/04/2019,Livorno,Palermo,2,2,D,0,1,A,11,13,6,5,9,25,4,3,2,1,0,1,2.9,3,2.55,2.85,3,2.5,2.75,3.05,2.55,2.94,3.12,2.7,2.75,3.2,2.55,2.9,3.1,2.63,33,2.94,2.81,3.32,3.06,2.7,2.56,30,2.15,2.05,1.81,1.74,16,0,2.09,2,1.9,1.81,3.07,3.25,2.51
I2,27/04/2019,Pescara,Verona,1,1,D,1,0,H,8,17,1,7,24,17,4,4,4,3,0,0,2.4,3,3.1,2.35,3,3.1,2.4,3.15,2.9,2.55,3.1,3.16,2.4,3.1,3,2.45,3.2,3,33,2.55,2.43,3.35,3.07,3.16,2.97,31,2.04,1.94,1.94,1.84,16,-0.25,2.15,2.09,1.81,1.76,2.5,3.18,3.16
I2,27/04/2019,Salernitana,Carpi,2,5,A,2,2,D,11,15,4,5,12,22,9,1,1,1,1,0,1.8,3.2,5,1.87,3.2,4.33,1.8,3.4,4.3,1.87,3.34,5,1.8,3.25,4.75,1.83,3.4,4.75,33,1.9,1.83,3.53,3.29,5,4.5,30,2.1,1.99,1.86,1.79,16,-0.5,1.9,1.83,2.06,2,1.68,3.89,5.38
I2,27/04/2019,Spezia,Perugia,1,1,D,1,0,H,10,2,5,2,9,15,4,2,2,2,0,0,2.15,3.1,3.6,2.1,3.1,3.5,2.15,3.2,3.25,2.26,3.36,3.43,2.15,3,3.3,2.2,3.2,3.5,33,2.3,2.18,3.48,3.2,3.6,3.3,31,2.02,1.93,1.94,1.85,16,-0.25,1.95,1.89,1.99,1.93,2.27,3.21,3.58
I2,27/04/2019,Venezia,Crotone,1,4,A,1,1,D,8,18,3,8,21,10,7,7,5,2,1,0,2.8,2.87,2.8,2.7,2.8,2.8,2.7,2.9,2.75,2.93,2.89,2.91,2.75,2.9,2.75,2.88,2.9,2.8,33,2.93,2.76,3.01,2.86,2.91,2.76,30,2.55,2.41,1.6,1.54,17,0,1.97,1.91,1.98,1.91,3.11,2.96,2.69
I2,28/04/2019,Cittadella,Ascoli,2,2,D,0,2,A,14,10,5,5,19,15,6,2,2,2,0,0,1.9,3.2,4.33,1.9,3.2,4.1,1.87,3.35,4.05,1.93,3.3,4.67,1.85,3.25,4.5,1.91,3.25,4.6,33,2,1.89,3.48,3.27,4.67,4.19,30,2.15,2.03,1.81,1.74,17,-0.5,1.95,1.9,1.98,1.92,1.77,3.77,4.89
I2,28/04/2019,Cremonese,Foggia,1,0,H,0,0,D,17,5,9,3,19,9,13,3,3,2,0,0,2.25,3.1,3.6,2.15,2.9,3.7,2.25,3,3.3,2.39,3.02,3.56,2.25,3,3.4,2.3,3,3.5,33,2.39,2.26,3.2,2.99,3.8,3.38,30,2.41,2.3,1.65,1.59,16,-0.25,2,1.94,1.95,1.89,2.15,3.26,3.84
I2,28/04/2019,Lecce,Brescia,1,0,H,0,0,D,14,9,2,1,14,15,8,3,4,3,0,1,2.4,3.1,3,2.3,3,3.2,2.35,3.25,2.85,2.51,3.13,3.19,2.35,3.2,3,2.4,3.3,3,33,2.51,2.37,3.45,3.19,3.2,2.95,31,1.85,1.77,2.1,2.01,16,-0.25,2.12,2.06,1.85,1.79,2.51,3.2,3.13
I2,01/05/2019,Brescia,Ascoli,1,0,H,1,0,H,11,6,1,4,16,14,7,5,2,2,0,0,1.22,5.5,11,1.22,6,13,1.23,5.5,12,,,,,,,1.25,5.75,13,26,1.25,1.22,6.25,5.72,14,12.17,23,1.75,1.68,2.25,2.13,13,-1.5,1.89,1.75,2.15,2.04,1.5,4.48,6.8
I2,01/05/2019,Carpi,Cremonese,1,2,A,0,0,D,18,17,6,6,9,16,9,7,0,1,0,0,2.62,3,2.62,2.75,2.9,2.85,2.65,3,2.7,,,,,,,2.75,3,2.8,26,2.8,2.66,3.24,3.03,2.85,2.72,23,2.2,2.12,1.75,1.69,11,0,1.95,1.87,2,1.92,3.11,3.13,2.57
I2,01/05/2019,Cosenza,Venezia,1,1,D,1,0,H,11,8,2,1,11,14,5,4,1,4,0,0,1.9,3.1,4,2,3.1,4.2,1.93,3.1,4.15,,,,,,,2,3.1,4.5,26,2,1.94,3.3,3.15,4.5,4.19,23,2.55,2.4,1.6,1.54,10,-0.5,2.03,1.94,1.93,1.84,1.9,3.11,5.34
I2,01/05/2019,Crotone,Benevento,1,0,H,0,0,D,6,20,3,6,16,16,5,11,3,3,1,0,2.5,3,2.8,2.65,2.9,2.95,2.55,2.95,2.85,,,,,,,2.6,3,3,26,2.65,2.53,3.16,3.01,3,2.87,23,2.2,2.11,1.76,1.7,11,0,1.85,1.79,2.1,2.01,2.53,3.21,3.08
I2,01/05/2019,Foggia,Salernitana,3,1,H,2,0,H,8,9,5,6,22,17,6,5,3,3,0,0,1.66,3.5,4.75,1.72,3.5,5.25,1.7,3.55,4.85,,,,,,,1.73,3.6,5.2,26,1.75,1.69,3.8,3.58,5.25,4.89,23,1.92,1.85,2,1.91,12,-1,2.4,2.26,1.7,1.62,1.83,3.49,4.97
I2,01/05/2019,Padova,Lecce,2,1,H,1,0,H,9,8,4,2,16,17,4,6,5,3,0,0,4.6,3.6,1.66,5.25,3.6,1.7,4.85,3.6,1.67,,,,,,,5.2,3.75,1.7,26,5.25,4.89,4,3.7,1.75,1.67,23,1.75,1.69,2.22,2.11,10,1,1.75,1.66,2.29,2.19,4.13,3.31,2.05
I2,01/05/2019,Palermo,Spezia,2,2,D,2,2,D,10,10,2,5,15,13,8,1,3,1,0,0,1.75,3.3,4.6,1.8,3.3,5,1.77,3.35,4.65,,,,,,,1.8,3.4,5,26,1.85,1.76,3.7,3.41,5.05,4.71,23,2.05,1.97,1.86,1.79,12,-1,2.6,2.43,1.6,1.54,1.92,3.37,4.64
I2,01/05/2019,Perugia,Cittadella,0,0,D,0,0,D,11,9,3,1,19,21,10,4,2,2,1,0,2.2,3.1,3.2,2.25,3.1,3.4,2.2,3.15,3.25,,,,,,,2.3,3.13,3.4,26,2.3,2.23,3.36,3.16,3.4,3.24,23,2.1,2,1.85,1.77,11,0,1.67,1.61,2.41,2.29,2.09,3.44,3.79
I2,01/05/2019,Verona,Livorno,2,3,A,1,2,A,10,12,3,5,15,21,6,5,3,4,0,0,1.72,3.3,4.75,1.75,3.4,5.25,1.7,3.35,5.1,,,,,,,1.75,3.4,5.4,26,1.75,1.72,3.6,3.41,5.5,5.05,23,2.15,2.06,1.8,1.73,12,-1,2.6,2.38,1.65,1.57,1.8,3.6,4.94
I2,04/05/2019,Ascoli,Palermo,1,2,A,0,0,D,7,16,2,3,19,18,4,3,1,4,0,0,3.3,3.2,2.1,3.3,3.2,2.15,3.45,3.3,2.05,,,,3.4,3.25,2.05,3.6,3.2,2.2,28,3.6,3.38,3.45,3.26,2.22,2.11,25,2.08,1.99,1.85,1.77,11,0,2.65,2.45,1.58,1.53,5.04,3.78,1.75
I2,04/05/2019,Cittadella,Verona,3,0,H,3,0,H,16,13,6,3,16,14,12,2,1,6,0,1,2.3,3,3.1,2.35,3,3.1,2.35,3,3.15,,,,2.38,3,3,2.4,3.1,3.25,28,2.45,2.36,3.2,3.01,3.3,3.12,25,2.25,2.14,1.75,1.66,11,0,1.73,1.66,2.3,2.2,2.35,3.36,3.25
I2,04/05/2019,Cremonese,Brescia,0,0,D,0,0,D,14,7,4,1,17,12,9,5,0,1,0,0,1.6,3.6,5.25,1.65,3.6,5,1.6,3.75,5.3,,,,1.6,3.75,5,1.67,3.5,6,25,1.67,1.62,4,3.66,6,5.28,22,2.12,2.01,1.88,1.75,9,-0.5,1.69,1.63,2.4,2.25,1.71,3.84,5.19
I2,04/05/2019,Spezia,Crotone,2,0,H,1,0,H,9,8,3,2,16,21,3,6,1,3,0,0,1.8,3.4,4.1,1.8,3.3,4.5,1.8,3.35,4.4,,,,1.75,3.4,4.5,1.85,3.4,4.6,28,1.86,1.81,3.6,3.4,4.65,4.37,25,2.1,1.99,1.85,1.78,9,-0.5,1.88,1.83,2.06,1.96,1.62,3.99,5.92
I2,04/05/2019,Venezia,Pescara,2,2,D,1,1,D,12,13,2,5,16,8,8,4,2,1,0,0,2.4,3.1,2.87,2.45,3,2.95,2.45,3.1,2.85,,,,2.5,3,2.8,2.5,3.13,3,28,2.57,2.45,3.3,3.1,3,2.87,25,2.15,2.02,1.82,1.75,11,0,1.83,1.75,2.15,2.06,2.41,3.1,3.4
I2,05/05/2019,Benevento,Padova,3,3,D,1,1,D,24,13,10,7,15,11,10,5,1,2,0,0,1.5,3.75,6.5,1.5,3.9,6.25,1.5,4,6.3,,,,1.47,4,6.5,1.5,4.2,7,28,1.55,1.49,4.3,3.97,7.1,6.38,25,1.85,1.77,2.1,1.98,9,-1,1.92,1.84,2.05,1.91,1.69,3.95,5.18
I2,05/05/2019,Livorno,Carpi,1,0,H,0,0,D,19,11,7,4,14,23,14,5,3,4,0,0,1.53,3.75,5.75,1.6,3.75,5.25,1.55,3.8,5.9,,,,1.55,3.75,5.5,1.6,3.75,6.25,28,1.6,1.56,4.1,3.82,6.25,5.75,25,2.05,1.95,1.9,1.81,12,-1,2.14,1.99,1.9,1.79,1.52,4.21,6.89
I2,05/05/2019,Salernitana,Cosenza,1,2,A,0,1,A,8,10,4,5,13,15,0,6,0,1,0,0,1.36,4.33,8,1.44,4.2,6.75,1.38,4.45,7.8,,,,1.36,4.5,8,1.44,4.1,9,27,1.46,1.39,4.65,4.32,9,7.8,24,2.15,2.01,1.83,1.75,10,-1.5,2.39,2.23,1.7,1.63,1.5,4.34,7.13
I2,06/05/2019,Foggia,Perugia,1,0,H,0,0,D,10,16,2,2,9,10,4,4,1,2,1,0,2,3.25,3.5,2,3.2,3.7,2,3.25,3.65,,,,1.95,3.3,3.6,2.05,3.25,3.9,28,2.1,2,3.46,3.27,3.9,3.66,25,2.1,1.99,1.85,1.77,9,-1,3.2,2.98,1.45,1.37,2.58,3.27,2.96
I2,11/05/2019,Brescia,Benevento,2,3,A,2,2,D,9,14,2,8,15,16,5,4,1,0,0,0,1.8,3.6,4.33,1.83,3.5,4,1.77,3.6,4.25,1.79,3.98,4.32,1.78,3.75,4.2,1.8,3.75,4.33,32,1.85,1.78,4,3.71,4.5,4.17,29,1.65,1.58,2.45,2.31,17,-0.5,1.86,1.79,2.12,2.03,1.78,4.05,4.4
I2,11/05/2019,Carpi,Venezia,2,3,A,1,0,H,6,15,2,5,10,14,4,14,3,7,1,0,6.5,4,1.5,5.75,3.7,1.57,6,3.8,1.55,6.21,3.94,1.58,6.5,3.75,1.53,7,3.8,1.55,32,7,6.09,4.05,3.8,1.61,1.56,30,2.17,2.07,1.8,1.72,17,1,1.9,1.8,2.1,2.01,5.56,3.93,1.66
I2,11/05/2019,Crotone,Ascoli,3,0,H,1,0,H,9,13,6,5,12,14,5,6,0,0,0,0,1.55,3.5,7.5,1.53,3.4,7.5,1.55,3.5,6.7,1.57,3.59,7.67,1.53,3.5,7.5,1.55,3.6,8,30,1.61,1.55,3.75,3.52,8,7.04,30,2.1,1.98,1.9,1.8,20,-1,2.07,1.99,1.91,1.82,1.57,3.74,7.39
I2,11/05/2019,Lecce,Spezia,2,1,H,2,0,H,9,15,5,5,9,15,6,9,1,1,0,0,1.57,3.8,6,1.6,3.6,5.5,1.6,3.8,5.3,1.61,3.74,6.38,1.57,3.8,6,1.57,3.9,6.25,32,1.64,1.59,4.25,3.77,6.38,5.65,29,1.9,1.82,2.01,1.94,20,-1,2.12,2.04,1.85,1.78,1.7,3.73,5.55
I2,11/05/2019,Padova,Livorno,1,1,D,0,1,A,17,16,3,4,17,18,3,7,2,0,0,0,6.5,3.8,1.55,5.75,3.6,1.6,5.6,3.8,1.57,5.9,3.87,1.62,6,3.8,1.55,6.5,3.8,1.6,32,6.5,5.82,4.1,3.77,1.64,1.58,31,2,1.91,1.96,1.87,19,1,1.9,1.79,2.11,2.03,4.83,3.52,1.84
I2,11/05/2019,Palermo,Cittadella,2,2,D,2,0,H,19,12,8,4,13,19,9,5,0,1,0,0,1.66,3.5,5.5,1.67,3.6,5,1.7,3.6,4.6,1.77,3.47,5.28,1.7,3.6,5,1.73,3.6,5.2,32,1.77,1.71,3.85,3.58,5.6,4.83,31,1.95,1.85,2.03,1.93,17,-0.75,2,1.95,1.95,1.88,1.71,3.85,5.23
I2,11/05/2019,Perugia,Cremonese,3,1,H,1,1,D,18,10,8,5,11,11,6,0,2,1,0,0,2.25,3.1,3.4,2.2,3.1,3.25,2.15,3.25,3.25,2.31,3.28,3.34,2.2,3.2,3.25,2.25,3.2,3.4,32,2.31,2.2,3.4,3.2,3.5,3.28,32,2.05,1.95,1.91,1.83,17,-0.25,1.97,1.9,2,1.93,2.06,3.62,3.71
I2,11/05/2019,Pescara,Salernitana,2,0,H,0,0,D,15,8,6,1,11,15,5,2,1,1,0,0,2.15,3.2,3.5,2.3,3.1,3.1,2.15,3.3,3.15,2.27,3.16,3.57,2.15,3.25,3.4,2.2,3.3,3.4,31,2.3,2.19,3.5,3.24,3.57,3.29,30,1.93,1.86,2.01,1.92,17,-0.25,1.95,1.88,2.01,1.95,2.44,3.09,3.36
I2,11/05/2019,Verona,Foggia,2,1,H,0,0,D,14,15,5,6,22,15,1,6,3,3,1,0,2.1,3.1,3.75,2.2,3.2,3.2,2.15,3.25,3.25,2.22,3.22,3.61,2.15,3.25,3.4,2.15,3.3,3.5,32,2.25,2.16,3.45,3.23,3.75,3.36,31,1.91,1.84,2.01,1.93,17,-0.25,1.95,1.86,2.02,1.97,2.03,3.64,3.77
